"Fecha","Último","Apertura","Máximo","Mínimo","Vol.","% var."
"21.11.2025","48,210","49,500","49,540","47,320","885,01K","-3,43%"
"20.11.2025","49,920","51,350","52,100","49,800","1,05M","-2,27%"
"19.11.2025","51,080","49,210","51,150","48,680","1,12M","2,28%"
"18.11.2025","49,940","48,250","50,400","47,710","964,37K","1,86%"
"17.11.2025","49,030","49,050","49,840","48,530","745,47K","0,39%"
"14.11.2025","48,840","47,510","50,190","47,000","1,14M","2,71%"
"13.11.2025","47,550","50,000","50,000","47,330","1,41M","-3,96%"
"12.11.2025","49,510","52,410","52,650","49,480","1,94M","-2,65%"
"11.11.2025","50,860","49,720","51,370","49,260","1,82M","3,58%"
"10.11.2025","49,100","49,055","49,550","47,710","899,12K","2,08%"
"07.11.2025","48,100","48,100","48,830","46,910","993,69K","-0,43%"
"06.11.2025","48,310","49,230","49,300","47,910","561,60K","-0,56%"
"05.11.2025","48,580","49,820","49,820","48,475","1,04M","0,00%"
"04.11.2025","48,580","47,670","49,220","46,690","1,09M","-1,02%"
"03.11.2025","49,080","49,980","50,540","47,835","1,54M","1,30%"
"31.10.2025","48,450","47,980","49,650","47,370","1,52M","2,67%"
"30.10.2025","47,190","48,210","48,400","47,020","1,06M","-2,58%"
"29.10.2025","48,440","47,835","49,485","47,176","2,13M","1,98%"
"28.10.2025","47,500","47,000","48,390","46,630","2,14M","0,00%"
"27.10.2025","47,500","49,500","50,780","46,735","8,09M","18,66%"
"24.10.2025","40,030","40,000","41,000","39,283","2,10M","0,73%"
"23.10.2025","39,740","37,240","39,750","36,570","3,79M","11,47%"
"22.10.2025","35,650","35,020","36,020","34,600","1,40M","1,80%"
"21.10.2025","35,020","35,430","36,500","34,860","864,28K","-0,40%"
"20.10.2025","35,160","35,660","36,380","35,000","710,45K","-0,73%"
"17.10.2025","35,420","35,290","36,035","35,070","634,71K","-0,59%"
"16.10.2025","35,630","36,100","36,390","35,040","708,97K","-0,86%"
"15.10.2025","35,940","35,690","36,950","35,100","1,21M","2,16%"
"14.10.2025","35,180","37,250","38,710","34,990","2,12M","-7,79%"
"13.10.2025","38,150","37,300","38,359","37,250","1,09M","2,66%"
"10.10.2025","37,160","38,060","38,520","36,706","3,10M","-0,30%"
"09.10.2025","37,270","34,960","37,660","34,960","1,78M","6,88%"
"08.10.2025","34,870","34,750","35,010","33,900","873,73K","1,04%"
"07.10.2025","34,510","35,970","35,970","34,260","1,03M","-2,82%"
"06.10.2025","35,510","35,000","35,800","34,363","896,52K","2,84%"
"03.10.2025","34,530","34,320","35,520","34,290","1,23M","0,67%"
"02.10.2025","34,300","34,000","34,780","33,450","2,25M","1,75%"
"01.10.2025","33,710","34,100","34,522","33,680","1,27M","-2,01%"
"30.09.2025","34,400","35,200","35,200","33,720","1,50M","-2,82%"
"29.09.2025","35,400","36,310","36,310","35,209","988,65K","-2,13%"
"26.09.2025","36,170","37,000","38,410","36,100","1,24M","-2,32%"
"25.09.2025","37,030","37,540","37,925","36,570","966,56K","-2,68%"
"24.09.2025","38,050","40,785","40,785","37,890","1,77M","1,90%"
"23.09.2025","37,340","37,680","38,470","37,158","1,89M","2,27%"
"22.09.2025","36,510","37,290","38,050","36,110","2,43M","8,34%"
"19.09.2025","33,700","34,740","35,062","33,370","2,06M","-2,99%"
"18.09.2025","34,740","36,560","36,890","34,380","2,13M","-5,26%"
"17.09.2025","36,670","36,350","37,250","36,110","928,85K","0,05%"
"16.09.2025","36,650","35,900","36,930","35,900","810,61K","3,47%"
"15.09.2025","35,420","35,810","36,320","35,320","1,00M","-0,81%"
"12.09.2025","35,710","37,250","37,370","35,670","890,10K","-4,16%"
"11.09.2025","37,260","37,800","38,210","36,950","1,28M","-2,38%"
"10.09.2025","38,170","37,100","38,730","36,870","1,80M","7,07%"
"09.09.2025","35,650","35,560","37,039","35,400","1,52M","1,92%"
"08.09.2025","34,980","32,305","35,580","31,630","5,01M","-8,14%"
"05.09.2025","38,080","38,520","39,180","37,520","1,71M","-2,18%"
"04.09.2025","38,930","38,120","39,320","37,990","1,27M","1,94%"
"03.09.2025","38,190","38,840","39,240","37,980","1,25M","-2,60%"
"02.09.2025","39,210","38,650","39,210","37,900","1,17M","0,59%"
"29.08.2025","38,980","39,250","39,770","38,590","644,38K","-1,32%"
"28.08.2025","39,500","39,200","39,950","38,950","746,07K","1,39%"
"27.08.2025","38,960","39,120","39,220","38,510","1,01M","-0,97%"
"26.08.2025","39,340","38,800","39,740","38,260","1,30M","1,16%"
"25.08.2025","38,890","40,040","40,090","38,670","1,22M","-3,57%"
"22.08.2025","40,330","40,450","40,960","40,290","1,07M","-0,40%"
"21.08.2025","40,490","40,560","41,080","39,750","689,57K","0,65%"
"20.08.2025","40,230","40,100","40,730","39,620","1,08M","0,27%"
"19.08.2025","40,120","41,460","41,495","40,110","907,06K","-3,79%"
"18.08.2025","41,700","41,430","42,140","40,870","945,68K","0,48%"
"15.08.2025","41,500","41,450","41,870","41,010","550,87K","0,19%"
"14.08.2025","41,420","42,950","42,950","40,825","1,18M","-3,99%"
"13.08.2025","43,140","42,480","43,530","42,280","524,98K","1,55%"
"12.08.2025","42,480","43,020","43,642","42,250","1,03M","-1,14%"
"11.08.2025","42,970","42,290","43,000","42,040","677,68K","1,32%"
"08.08.2025","42,410","44,900","44,980","41,700","1,38M","-4,80%"
"07.08.2025","44,550","45,980","46,695","44,190","775,71K","-2,35%"
"06.08.2025","45,620","45,460","46,390","45,240","718,65K","1,51%"
"05.08.2025","44,940","44,020","45,450","43,730","557,11K","1,93%"
"04.08.2025","44,090","43,050","44,230","42,870","620,48K","1,80%"
"01.08.2025","43,310","44,830","44,830","42,040","2,00M","-3,11%"
"31.07.2025","44,700","45,010","45,650","44,140","1,49M","-1,63%"
"30.07.2025","45,440","46,140","46,250","44,860","1,21M","-1,50%"
"29.07.2025","46,130","43,950","46,260","43,915","1,13M","5,73%"
"28.07.2025","43,630","44,640","45,230","43,450","870,11K","-1,96%"
"25.07.2025","44,500","43,910","44,570","43,350","1,09M","1,60%"
"24.07.2025","43,800","44,000","44,360","43,010","970,62K","-1,26%"
"23.07.2025","44,360","43,030","44,680","42,880","1,19M","3,77%"
"22.07.2025","42,750","43,190","44,060","42,690","1,22M","-1,25%"
"21.07.2025","43,290","44,300","44,889","43,058","1,31M","-2,85%"
"18.07.2025","44,560","45,780","46,290","44,270","1,12M","-1,18%"
"17.07.2025","45,090","44,170","45,350","44,170","750,20K","1,76%"
"16.07.2025","44,310","45,320","45,600","44,090","926,03K","-2,21%"
"15.07.2025","45,310","45,340","46,085","44,475","1,31M","-0,29%"
"14.07.2025","45,440","45,060","46,660","44,601","1,48M","-1,26%"
"11.07.2025","46,020","47,500","48,190","46,000","2,13M","-5,93%"
"10.07.2025","48,920","47,350","49,150","46,660","1,41M","3,58%"
"09.07.2025","47,230","48,010","48,385","47,100","644,65K","-2,22%"
"08.07.2025","48,300","46,290","48,420","45,800","846,54K","3,12%"
"07.07.2025","46,840","47,700","47,700","46,200","556,39K","-2,15%"
"03.07.2025","47,870","48,200","48,550","47,580","187,23K","-0,99%"
"02.07.2025","48,350","47,100","48,560","46,635","588,23K","2,16%"
"01.07.2025","47,330","47,780","47,780","46,415","515,94K","-1,00%"
"30.06.2025","47,810","48,260","48,610","47,050","992,49K","-0,89%"
"27.06.2025","48,240","48,820","48,890","47,800","516,77K","-1,49%"
"26.06.2025","48,970","48,740","49,350","48,720","423,84K","1,26%"
"25.06.2025","48,360","49,800","51,000","48,240","583,84K","-3,42%"
"24.06.2025","50,070","49,500","50,400","49,000","825,89K","-0,08%"
"23.06.2025","50,110","51,600","52,705","49,760","1,17M","-1,92%"
"20.06.2025","51,090","52,010","52,010","50,340","447,18K","-0,89%"
"18.06.2025","51,550","52,030","52,660","50,950","457,34K","-1,25%"
"17.06.2025","52,200","52,550","53,020","51,370","512,64K","0,31%"
"16.06.2025","52,040","52,540","53,476","51,670","591,50K","-1,90%"
"13.06.2025","53,050","54,000","55,200","52,490","1,72M","1,22%"
"12.06.2025","52,410","52,440","52,858","51,600","337,81K","0,00%"
"11.06.2025","52,410","51,750","52,420","51,033","636,74K","2,04%"
"10.06.2025","51,360","50,030","52,280","49,865","739,47K","4,16%"
"09.06.2025","49,310","50,010","50,485","49,230","481,51K","-1,40%"
"06.06.2025","50,010","48,830","50,270","48,550","490,86K","2,90%"
"05.06.2025","48,600","48,600","49,000","48,200","598,70K","1,46%"
"04.06.2025","47,900","51,120","51,320","47,610","1,35M","-6,41%"
"03.06.2025","51,180","49,660","51,500","49,010","500,82K","3,50%"
"02.06.2025","49,450","50,320","50,656","49,020","433,29K","-0,16%"
"30.05.2025","49,530","49,740","50,250","49,192","917,49K","-1,22%"
"29.05.2025","50,140","50,430","51,290","49,320","853,35K","-0,14%"
"28.05.2025","50,210","49,470","51,220","48,368","934,56K","2,14%"
"27.05.2025","49,160","49,780","49,900","48,800","483,98K","-1,25%"
"23.05.2025","49,780","48,100","49,977","47,960","384,31K","0,85%"
"22.05.2025","49,360","49,500","49,930","48,200","811,06K","-0,80%"
"21.05.2025","49,760","50,850","51,350","49,540","564,58K","-2,26%"
"20.05.2025","50,910","51,160","51,710","50,513","782,54K","-0,80%"
"19.05.2025","51,320","50,250","52,410","49,795","1,63M","2,25%"
"16.05.2025","50,190","50,710","50,990","49,080","920,78K","-0,73%"
"15.05.2025","50,560","50,500","50,930","49,590","855,05K","-1,62%"
"14.05.2025","51,390","50,810","51,950","50,260","636,31K","0,23%"
"13.05.2025","51,270","50,450","51,960","50,100","903,38K","2,46%"
"12.05.2025","50,040","49,530","50,255","48,500","757,20K","5,86%"
"09.05.2025","47,270","47,030","48,070","46,730","618,57K","1,50%"
"08.05.2025","46,570","45,310","46,900","44,760","644,89K","3,58%"
"07.05.2025","44,960","44,530","45,215","43,770","1,02M","0,83%"
"06.05.2025","44,590","42,770","45,260","42,520","711,55K","4,26%"
"05.05.2025","42,770","43,230","43,710","42,320","836,13K","-2,80%"
"02.05.2025","44,000","45,300","45,520","43,301","856,34K","-1,35%"
"01.05.2025","44,600","45,000","46,330","43,840","779,50K","-1,26%"
"30.04.2025","45,170","45,130","46,225","44,696","1,29M","-1,07%"
"29.04.2025","45,660","46,620","47,030","45,420","903,86K","-3,22%"
"28.04.2025","47,180","48,040","48,640","46,790","1,03M","-1,77%"
"25.04.2025","48,030","48,430","49,850","47,790","1,20M","-1,78%"
"24.04.2025","48,900","47,720","50,500","47,600","1,75M","2,73%"
"23.04.2025","47,600","47,860","48,910","46,940","1,32M","1,64%"
"22.04.2025","46,830","46,260","47,690","45,792","1,24M","3,24%"
"21.04.2025","45,360","47,990","47,990","44,325","1,07M","-5,12%"
"17.04.2025","47,810","45,020","48,960","45,000","2,08M","6,89%"
"16.04.2025","44,730","40,490","46,460","40,420","3,69M","10,77%"
"15.04.2025","40,380","40,950","41,080","40,000","812,42K","-1,17%"
"14.04.2025","40,860","42,910","44,115","40,040","2,22M","7,10%"
"11.04.2025","38,150","35,750","38,230","35,280","1,35M","8,13%"
"10.04.2025","35,280","37,000","37,520","34,390","1,38M","-8,10%"
"09.04.2025","38,390","33,780","39,275","32,110","3,06M","9,75%"
"08.04.2025","34,980","38,510","38,930","34,030","1,80M","-5,54%"
"07.04.2025","37,030","36,010","38,306","33,297","2,02M","-4,39%"
"04.04.2025","38,730","41,160","41,160","37,160","2,25M","-10,62%"
"03.04.2025","43,330","45,050","45,050","43,100","1,13M","-8,49%"
"02.04.2025","47,350","46,950","47,800","46,670","345,61K","-0,82%"
"01.04.2025","47,740","46,870","48,207","46,160","527,42K","2,53%"
"31.03.2025","46,560","46,440","46,750","45,400","667,92K","-1,98%"
"28.03.2025","47,500","48,150","48,790","46,710","704,45K","-2,00%"
"27.03.2025","48,470","48,000","49,610","48,000","746,20K","0,77%"
"26.03.2025","48,100","48,720","49,570","47,670","702,55K","-0,48%"
"25.03.2025","48,330","47,690","48,770","47,390","527,09K","3,03%"
"24.03.2025","46,910","47,660","48,200","46,750","352,52K","-0,21%"
"21.03.2025","47,010","46,060","47,330","45,670","433,86K","1,21%"
"20.03.2025","46,450","45,980","47,100","45,980","307,07K","-0,15%"
"19.03.2025","46,520","45,150","46,920","45,120","690,01K","1,73%"
"18.03.2025","45,730","48,980","49,190","45,580","898,50K","-6,96%"
"17.03.2025","49,150","49,270","49,520","48,565","446,39K","-0,16%"
"14.03.2025","49,230","49,100","49,810","49,000","703,32K","3,97%"
"13.03.2025","47,350","47,290","47,940","45,440","951,20K","0,23%"
"12.03.2025","47,240","43,000","47,660","43,000","1,74M","10,63%"
"11.03.2025","42,700","42,990","44,379","42,320","854,36K","0,28%"
"10.03.2025","42,580","44,980","45,400","41,020","1,89M","-6,87%"
"07.03.2025","45,720","46,150","46,350","44,250","779,44K","1,04%"
"06.03.2025","45,250","45,870","47,090","44,875","618,58K","-1,44%"
"05.03.2025","45,910","46,450","47,190","44,810","1,45M","-0,48%"
"04.03.2025","46,130","48,000","48,000","45,340","2,00M","-6,52%"
"03.03.2025","49,350","51,200","51,940","48,900","1,63M","-2,82%"
"28.02.2025","50,780","48,350","51,060","47,250","1,32M","4,29%"
"27.02.2025","48,690","50,630","51,240","48,670","967,54K","-5,42%"
"26.02.2025","51,480","51,750","52,400","50,700","800,18K","-0,04%"
"25.02.2025","51,500","52,170","52,690","50,522","738,92K","-1,02%"
"24.02.2025","52,030","54,400","54,620","51,820","989,97K","-4,02%"
"21.02.2025","54,210","56,650","56,850","53,860","1,05M","-2,13%"
"20.02.2025","55,390","53,750","55,600","53,140","1,10M","4,53%"
"19.02.2025","52,990","51,500","53,120","50,900","1,14M","3,62%"
"18.02.2025","51,140","49,080","51,730","47,210","1,38M","-0,54%"
"14.02.2025","51,420","51,850","52,590","51,080","701,38K","-0,52%"
"13.02.2025","51,690","51,210","52,280","50,600","694,14K","1,93%"
"12.02.2025","50,710","50,500","52,660","50,080","1,05M","-0,12%"
"11.02.2025","50,770","53,470","53,640","50,000","1,11M","-5,39%"
"10.02.2025","53,660","53,000","54,450","53,000","569,10K","1,94%"
"07.02.2025","52,640","53,340","54,110","51,950","892,63K","-1,68%"
"06.02.2025","53,540","52,780","53,970","52,320","721,34K","2,21%"
"05.02.2025","52,380","53,000","54,170","52,170","722,29K","-1,65%"
"04.02.2025","53,260","52,810","54,170","52,810","668,57K","0,87%"
"03.02.2025","52,800","53,015","53,285","51,750","711,92K","-2,13%"
"31.01.2025","53,950","55,650","55,650","53,790","552,73K","-2,83%"
"30.01.2025","55,520","55,510","56,260","54,750","631,72K","1,02%"
"29.01.2025","54,960","52,590","55,270","52,410","703,76K","4,35%"
"28.01.2025","52,670","54,560","54,730","51,180","1,40M","-2,59%"
"27.01.2025","54,070","55,830","55,990","53,500","1,34M","-5,11%"
"24.01.2025","56,980","59,450","61,670","56,960","1,10M","-3,05%"
"23.01.2025","58,770","58,730","59,719","58,160","853,12K","0,17%"
"22.01.2025","58,670","57,900","59,860","57,900","817,16K","2,09%"
"21.01.2025","57,470","56,730","57,740","55,790","759,36K","1,30%"
"17.01.2025","56,730","58,320","58,570","56,180","905,50K","-2,74%"
"16.01.2025","58,330","59,550","60,220","58,200","702,51K","-1,97%"
"15.01.2025","59,500","59,260","59,950","58,520","1,09M","1,21%"
"14.01.2025","58,790","56,990","58,790","56,540","714,39K","3,12%"
"13.01.2025","57,010","57,590","58,110","56,520","796,93K","-1,45%"
"10.01.2025","57,850","58,640","59,360","56,000","871,53K","2,41%"
"08.01.2025","56,490","57,160","57,295","55,360","839,03K","-1,76%"
"07.01.2025","57,500","55,680","58,280","55,440","1,08M","5,52%"
"06.01.2025","54,490","55,170","55,766","54,110","921,06K","0,59%"
"03.01.2025","54,170","55,900","56,240","52,865","1,21M","-3,09%"
"02.01.2025","55,900","55,170","57,285","54,270","1,33M","3,31%"
"31.12.2024","54,110","54,040","54,500","53,320","237,99K","0,04%"
"30.12.2024","54,090","55,300","55,999","53,575","440,16K","-0,15%"
"27.12.2024","54,170","54,110","54,510","53,340","275,11K","0,15%"
"26.12.2024","54,090","53,970","54,340","53,590","283,08K","0,17%"
"24.12.2024","54,000","54,070","54,370","53,290","152,25K","0,54%"
"23.12.2024","53,710","54,120","54,620","52,210","504,36K","0,28%"
"20.12.2024","53,560","53,420","54,500","52,740","707,53K","-0,67%"
"19.12.2024","53,920","55,450","56,270","53,500","921,75K","-1,80%"
"18.12.2024","54,910","58,500","58,500","54,680","975,22K","-5,49%"
"17.12.2024","58,100","57,280","58,100","55,700","931,67K","0,17%"
"16.12.2024","58,000","58,050","59,370","57,430","811,52K","0,03%"
"13.12.2024","57,980","58,800","59,310","56,860","801,47K","-0,74%"
"12.12.2024","58,410","57,950","59,470","57,820","1,57M","0,46%"
"11.12.2024","58,140","56,760","58,240","55,330","1,31M","4,21%"
"10.12.2024","55,790","57,510","58,898","55,750","1,51M","-2,87%"
"09.12.2024","57,440","55,850","58,170","55,585","1,50M","3,74%"
"06.12.2024","55,370","55,500","56,181","53,550","1,36M","-1,32%"
"05.12.2024","56,110","55,880","57,210","55,700","1,03M","1,15%"
"04.12.2024","55,470","56,470","56,470","54,335","1,62M","-1,00%"
"03.12.2024","56,030","53,700","56,580","53,700","1,66M","5,18%"
"02.12.2024","53,270","54,230","54,450","53,120","859,72K","0,08%"
"29.11.2024","53,230","54,030","54,480","52,730","623,09K","-0,26%"
"27.11.2024","53,370","54,570","55,140","53,300","811,24K","-0,28%"
"26.11.2024","53,520","55,120","56,100","53,190","1,75M","-3,50%"
"25.11.2024","55,460","56,750","57,278","54,900","2,51M","-1,86%"
"22.11.2024","56,510","51,900","56,641","51,630","2,30M","9,16%"
"21.11.2024","51,770","51,320","52,170","50,410","1,35M","1,43%"
"20.11.2024","51,040","50,145","51,683","50,110","1,08M","2,33%"
"19.11.2024","49,880","49,270","50,340","49,200","617,95K","-0,42%"
"18.11.2024","50,090","47,640","50,353","47,380","1,20M","5,21%"
"15.11.2024","47,610","49,250","49,400","47,280","603,81K","-3,29%"
"14.11.2024","49,230","48,410","49,610","48,155","762,96K","3,01%"
"13.11.2024","47,790","47,710","48,549","47,270","627,36K","0,25%"
"12.11.2024","47,670","47,600","48,070","46,735","825,73K","0,74%"
"11.11.2024","47,320","47,330","47,820","46,420","847,20K","-0,65%"
"08.11.2024","47,630","48,800","49,603","47,020","918,36K","-1,92%"
"07.11.2024","48,560","50,190","50,500","48,480","1,34M","-2,94%"
"06.11.2024","50,030","51,540","51,730","49,840","1,79M","-0,56%"
"05.11.2024","50,310","50,010","51,180","49,900","605,74K","-0,14%"
"04.11.2024","50,380","49,660","51,210","49,660","1,02M","2,07%"
"01.11.2024","49,360","50,610","50,630","49,020","966,21K","-1,00%"
"31.10.2024","49,860","51,010","51,010","49,420","689,76K","-1,66%"
"30.10.2024","50,700","51,000","51,250","49,665","660,93K","0,10%"
"29.10.2024","50,650","52,040","52,190","50,570","1,40M","-2,75%"
"28.10.2024","52,080","50,860","53,180","50,711","2,05M","-1,61%"
"25.10.2024","52,930","49,500","54,000","49,430","2,72M","8,42%"
"24.10.2024","48,820","48,050","49,425","47,340","1,01M","2,26%"
"23.10.2024","47,740","47,550","47,970","46,940","699,02K","0,15%"
"22.10.2024","47,670","48,340","48,700","47,160","754,54K","-1,39%"
"21.10.2024","48,340","48,750","49,240","48,200","511,71K","0,29%"
"18.10.2024","48,200","49,500","49,570","47,900","501,36K","-1,49%"
"17.10.2024","48,930","46,910","49,260","46,747","683,64K","4,33%"
"16.10.2024","46,900","48,080","48,260","46,750","583,99K","-1,96%"
"15.10.2024","47,840","47,260","48,290","46,296","719,92K","-1,71%"
"14.10.2024","48,670","49,070","49,350","48,240","360,05K","-1,36%"
"11.10.2024","49,340","49,000","49,890","48,520","321,21K","0,63%"
"10.10.2024","49,030","49,450","50,160","48,830","712,87K","-0,08%"
"09.10.2024","49,070","47,470","49,740","46,920","833,12K","2,83%"
"08.10.2024","47,720","47,100","47,830","46,240","531,03K","-0,40%"
"07.10.2024","47,910","48,180","48,610","47,520","446,62K","-1,36%"
"04.10.2024","48,570","49,500","49,650","47,500","904,19K","-0,57%"
"03.10.2024","48,850","46,660","48,930","45,970","995,67K","6,85%"
"02.10.2024","45,720","46,500","46,825","45,170","907,58K","0,73%"
"01.10.2024","45,390","43,990","45,749","43,510","987,00K","2,74%"
"30.09.2024","44,180","45,520","45,740","43,230","1,15M","-3,89%"
"27.09.2024","45,970","46,250","46,590","45,260","853,49K","1,06%"
"26.09.2024","45,490","46,560","46,862","44,710","2,33M","-6,05%"
"25.09.2024","48,420","50,080","50,320","48,030","706,59K","-3,41%"
"24.09.2024","50,130","49,630","50,278","48,590","1,12M","5,43%"
"23.09.2024","47,550","47,780","49,600","47,020","787,94K","0,32%"
"20.09.2024","47,400","47,500","47,890","46,530","709,55K","-0,63%"
"19.09.2024","47,700","47,140","47,870","46,200","823,78K","1,62%"
"18.09.2024","46,940","47,470","47,990","45,943","753,21K","-1,57%"
"17.09.2024","47,690","47,910","47,910","46,205","627,92K","-0,23%"
"16.09.2024","47,800","47,360","48,170","47,170","396,63K","0,89%"
"13.09.2024","47,380","46,960","47,970","46,960","452,82K","1,59%"
"12.09.2024","46,640","46,310","47,080","45,720","410,23K","2,21%"
"11.09.2024","45,630","45,430","46,600","44,490","1,05M","0,20%"
"10.09.2024","45,540","47,530","47,700","44,820","1,09M","-4,73%"
"09.09.2024","47,800","48,560","48,935","47,730","508,19K","-0,46%"
"06.09.2024","48,020","48,520","49,340","47,270","909,33K","-1,03%"
"05.09.2024","48,520","50,230","50,355","48,170","682,39K","-2,04%"
"04.09.2024","49,530","50,110","51,600","49,310","1,23M","0,90%"
"03.09.2024","49,090","51,100","51,100","48,650","1,31M","-5,83%"
"30.08.2024","52,130","51,760","52,470","51,250","657,17K","0,81%"
"29.08.2024","51,710","50,810","52,010","50,810","545,76K","1,73%"
"28.08.2024","50,830","50,960","51,320","50,330","432,07K","-0,04%"
"27.08.2024","50,850","51,000","51,490","50,600","385,37K","-0,95%"
"26.08.2024","51,340","51,500","52,200","50,900","1,06M","3,47%"
"23.08.2024","49,620","48,630","49,950","48,630","373,62K","2,84%"
"22.08.2024","48,250","48,620","49,230","48,090","354,95K","-0,58%"
"21.08.2024","48,530","51,000","51,000","48,100","592,79K","-2,78%"
"20.08.2024","49,920","50,000","51,480","49,570","1,45M","1,67%"
"19.08.2024","49,100","49,490","50,190","48,920","486,07K","-1,35%"
"16.08.2024","49,770","49,410","50,090","49,100","443,04K","0,38%"
"15.08.2024","49,580","49,520","50,500","48,750","556,62K","0,71%"
"14.08.2024","49,230","48,820","49,660","48,310","581,34K","1,03%"
"13.08.2024","48,730","49,000","49,230","48,324","552,37K","-0,06%"
"12.08.2024","48,760","46,020","48,820","45,980","1,05M","6,39%"
"09.08.2024","45,830","44,640","46,440","44,280","632,84K","2,97%"
"08.08.2024","44,510","43,620","45,000","43,220","444,87K","3,44%"
"07.08.2024","43,030","43,500","43,500","42,520","511,92K","1,61%"
"06.08.2024","42,350","41,000","42,700","40,865","450,86K","4,28%"
"05.08.2024","40,610","36,300","40,700","36,010","941,86K","1,17%"
"02.08.2024","40,140","41,810","41,810","39,570","810,03K","-6,39%"
"01.08.2024","42,880","45,100","45,140","42,550","319,99K","-4,84%"
"31.07.2024","45,060","43,300","45,840","42,900","809,87K","7,18%"
"30.07.2024","42,040","42,580","43,600","41,550","501,66K","-3,11%"
"29.07.2024","43,390","44,670","45,000","43,110","427,15K","-2,69%"
"26.07.2024","44,590","44,580","45,310","44,140","200,17K","0,77%"
"25.07.2024","44,250","44,800","45,325","43,100","492,23K","-1,54%"
"24.07.2024","44,940","47,600","47,840","44,780","407,30K","-5,17%"
"23.07.2024","47,390","47,450","47,850","47,040","237,95K","-0,92%"
"22.07.2024","47,830","48,130","48,290","47,170","349,88K","-0,77%"
"19.07.2024","48,200","48,300","50,015","47,940","1,20M","0,48%"
"18.07.2024","47,970","47,050","48,220","46,700","417,81K","2,37%"
"17.07.2024","46,860","47,630","47,700","46,130","438,46K","-1,03%"
"16.07.2024","47,350","48,000","48,670","46,220","456,53K","-1,19%"
"15.07.2024","47,920","48,310","49,095","47,200","473,60K","-0,15%"
"12.07.2024","47,990","46,670","48,090","46,300","818,32K","2,39%"
"11.07.2024","46,870","46,780","47,450","46,190","766,56K","0,17%"
"10.07.2024","46,790","44,500","46,790","44,500","617,40K","5,10%"
"09.07.2024","44,520","45,460","46,090","44,080","655,08K","-2,07%"
"08.07.2024","45,460","45,640","46,410","44,940","526,13K","-0,83%"
"05.07.2024","45,840","46,110","46,110","44,800","463,24K","0,53%"
"03.07.2024","45,600","45,800","46,100","45,290","475,26K","0,18%"
"02.07.2024","45,520","44,160","46,230","44,160","806,80K","3,41%"
"01.07.2024","44,020","46,030","46,090","43,947","370,85K","-3,21%"
"28.06.2024","45,480","46,210","46,250","45,000","279,26K","-0,52%"
"27.06.2024","45,720","45,170","45,840","44,730","229,48K","1,33%"
"26.06.2024","45,120","45,950","46,000","43,870","461,34K","-2,21%"
"25.06.2024","46,140","44,000","46,347","43,066","802,15K","5,27%"
"24.06.2024","43,830","42,540","43,980","42,540","494,75K","2,74%"
"21.06.2024","42,660","44,220","44,220","42,450","561,62K","-1,98%"
"20.06.2024","43,520","42,990","43,689","42,700","401,67K","2,57%"
"18.06.2024","42,430","42,420","43,170","42,372","234,62K","0,00%"
"17.06.2024","42,430","43,200","43,840","41,600","474,98K","-2,71%"
"14.06.2024","43,610","44,230","44,410","43,030","662,79K","-0,59%"
"13.06.2024","43,870","46,950","46,950","43,170","1,31M","-0,39%"
"12.06.2024","44,040","44,120","45,405","43,220","1,38M","1,54%"
"11.06.2024","43,370","44,380","44,380","43,230","487,57K","-2,30%"
"10.06.2024","44,390","42,740","44,810","42,410","490,25K","3,64%"
"07.06.2024","42,830","42,300","43,580","42,280","709,14K","0,97%"
"06.06.2024","42,420","42,350","43,400","41,750","442,36K","-0,45%"
"05.06.2024","42,610","42,650","43,810","41,810","1,14M","-0,88%"
"04.06.2024","42,990","46,000","46,000","42,010","1,40M","-7,90%"
"03.06.2024","46,680","48,820","48,840","46,280","884,91K","-3,65%"
"31.05.2024","48,450","48,930","49,330","48,130","426,54K","-0,33%"
"30.05.2024","48,610","47,000","49,280","46,995","1,47M","4,20%"
"29.05.2024","46,650","45,700","46,660","45,140","302,02K","1,52%"
"28.05.2024","45,950","44,800","46,299","44,800","603,53K","3,68%"
"24.05.2024","44,320","45,740","47,360","44,090","1,04M","-2,10%"
"23.05.2024","45,270","46,700","47,070","44,720","617,48K","-2,01%"
"22.05.2024","46,200","48,600","48,814","45,817","888,18K","-5,73%"
"21.05.2024","49,010","48,600","49,580","48,050","1,15M","0,89%"
"20.05.2024","48,580","47,720","48,890","47,590","569,62K","2,30%"
"17.05.2024","47,490","47,190","47,990","47,100","332,36K","0,04%"
"16.05.2024","47,470","47,890","47,910","46,750","461,53K","-0,29%"
"15.05.2024","47,610","46,550","48,295","45,922","964,92K","2,28%"
"14.05.2024","46,550","44,650","46,720","43,830","674,13K","3,44%"
"13.05.2024","45,000","45,720","46,400","44,560","447,16K","-0,77%"
"10.05.2024","45,350","46,470","46,630","45,210","311,94K","-1,92%"
"09.05.2024","46,240","46,120","46,430","45,430","373,53K","0,26%"
"08.05.2024","46,120","46,530","47,250","45,945","464,22K","-0,88%"
"07.05.2024","46,530","46,200","46,980","45,870","538,30K","1,86%"
"06.05.2024","45,680","43,300","46,080","43,300","646,38K","5,74%"
"03.05.2024","43,200","43,000","43,570","42,671","266,53K","1,72%"
"02.05.2024","42,470","43,390","43,660","42,420","418,85K","-0,79%"
"01.05.2024","42,810","42,810","43,420","42,340","349,05K","-0,79%"
"30.04.2024","43,150","43,530","44,800","43,000","804,48K","-0,94%"
"29.04.2024","43,560","43,080","43,640","42,600","395,32K","1,21%"
"26.04.2024","43,040","43,230","44,120","42,940","630,74K","0,73%"
"25.04.2024","42,730","41,480","43,330","40,110","933,56K","-1,52%"
"24.04.2024","43,390","44,470","44,700","43,110","552,92K","-1,77%"
"23.04.2024","44,170","43,500","44,520","43,000","428,06K","1,40%"
"22.04.2024","43,560","41,890","44,000","41,810","637,20K","3,89%"
"19.04.2024","41,930","41,010","42,225","40,990","307,54K","1,50%"
"18.04.2024","41,310","41,290","41,870","40,930","405,12K","0,00%"
"17.04.2024","41,310","41,740","42,650","41,225","348,75K","-2,06%"
"16.04.2024","42,180","41,300","42,680","41,000","487,67K","1,22%"
"15.04.2024","41,670","43,930","44,236","41,495","599,64K","-3,63%"
"12.04.2024","43,240","43,150","43,870","43,040","472,48K","-0,23%"
"11.04.2024","43,340","43,750","43,930","42,830","539,17K","-0,09%"
"10.04.2024","43,380","43,080","43,679","43,000","448,99K","0,65%"
"09.04.2024","43,100","42,950","44,250","42,040","399,29K","-1,60%"
"08.04.2024","43,800","42,460","43,940","42,210","1,08M","3,16%"
"05.04.2024","42,460","41,500","42,740","41,230","628,52K","2,81%"
"04.04.2024","41,300","42,120","42,215","41,270","1,40M","-1,48%"
"03.04.2024","41,920","41,500","42,500","41,320","443,70K","1,09%"
"02.04.2024","41,470","41,600","41,775","40,570","305,51K","0,39%"
"01.04.2024","41,310","41,400","41,660","40,670","196,42K","-0,17%"
"28.03.2024","41,380","41,800","42,350","41,120","287,69K","-2,04%"
"27.03.2024","42,240","41,910","42,590","41,570","427,40K","0,64%"
"26.03.2024","41,970","42,550","42,900","41,840","357,05K","-1,36%"
"25.03.2024","42,550","43,290","43,870","42,340","440,50K","-2,09%"
"22.03.2024","43,460","43,340","43,993","43,000","434,82K","0,44%"
"21.03.2024","43,270","43,310","43,500","42,460","572,78K","0,65%"
"20.03.2024","42,990","42,890","43,035","42,110","620,68K","1,03%"
"19.03.2024","42,550","42,000","43,609","41,177","812,10K","1,65%"
"18.03.2024","41,860","43,810","43,900","40,180","1,18M","2,72%"
"15.03.2024","40,750","38,990","40,800","38,970","638,13K","3,61%"
"14.03.2024","39,330","40,000","40,860","39,280","801,22K","-1,06%"
"13.03.2024","39,750","39,100","39,790","38,970","681,45K","3,03%"
"12.03.2024","38,580","36,740","38,840","36,640","795,34K","5,12%"
"11.03.2024","36,700","36,410","37,070","35,540","563,37K","0,30%"
"08.03.2024","36,590","36,380","36,810","35,900","264,06K","0,25%"
"07.03.2024","36,500","37,410","37,630","36,230","559,96K","-3,08%"
"06.03.2024","37,660","37,060","37,990","36,840","605,13K","2,95%"
"05.03.2024","36,580","36,440","37,370","36,310","409,73K","-0,05%"
"04.03.2024","36,600","37,990","38,220","36,430","444,87K","-2,48%"
"01.03.2024","37,530","37,280","37,860","36,890","522,90K","1,98%"
"29.02.2024","36,800","36,340","37,190","36,215","425,05K","2,05%"
"28.02.2024","36,060","35,500","36,300","35,341","671,14K","1,26%"
"27.02.2024","35,610","35,840","36,230","35,400","393,91K","-0,72%"
"26.02.2024","35,870","35,580","36,460","35,580","320,44K","0,50%"
"23.02.2024","35,690","36,250","36,300","35,180","421,72K","-1,22%"
"22.02.2024","36,130","36,030","37,470","36,030","845,32K","0,28%"
"21.02.2024","36,030","35,400","36,100","34,500","816,73K","3,39%"
"20.02.2024","34,850","34,020","35,140","34,020","1,03M","3,69%"
"16.02.2024","33,610","32,980","34,310","32,640","700,34K","1,94%"
"15.02.2024","32,970","31,940","32,970","31,920","442,82K","3,35%"
"14.02.2024","31,900","31,210","31,990","30,960","469,90K","3,57%"
"13.02.2024","30,800","30,600","31,036","30,460","177,50K","0,00%"
"12.02.2024","30,800","30,950","31,380","30,610","222,85K","-0,42%"
"09.02.2024","30,930","31,500","31,900","30,890","536,50K","-1,59%"
"08.02.2024","31,430","32,200","32,550","31,120","416,47K","-2,51%"
"07.02.2024","32,240","31,880","32,610","31,630","247,71K","0,91%"
"06.02.2024","31,950","31,530","32,350","31,390","555,43K","1,65%"
"05.02.2024","31,430","32,170","32,460","31,175","303,92K","-2,45%"
"02.02.2024","32,220","32,870","33,100","32,210","218,24K","-2,04%"
"01.02.2024","32,890","32,990","33,360","32,450","241,78K","0,40%"
"31.01.2024","32,760","32,990","33,320","32,450","304,94K","-0,55%"
"30.01.2024","32,940","32,780","33,265","32,450","304,26K","-0,33%"
"29.01.2024","33,050","32,890","33,260","32,330","380,55K","-0,39%"
"26.01.2024","33,180","32,970","33,300","32,700","269,61K","0,82%"
"25.01.2024","32,910","32,700","33,120","32,290","296,86K","2,30%"
"24.01.2024","32,170","31,930","32,600","31,548","652,51K","1,32%"
"23.01.2024","31,750","31,440","31,910","31,155","442,13K","0,51%"
"22.01.2024","31,590","31,480","32,080","31,240","455,99K","0,10%"
"19.01.2024","31,560","31,150","31,860","30,900","303,78K","1,61%"
"18.01.2024","31,060","31,250","31,265","30,840","203,10K","-0,03%"
"17.01.2024","31,070","30,100","31,290","30,020","414,26K","1,74%"
"16.01.2024","30,540","30,900","31,350","30,040","669,44K","-1,17%"
"12.01.2024","30,900","29,970","30,920","29,960","435,95K","4,15%"
"11.01.2024","29,670","29,530","29,840","29,070","342,06K","1,23%"
"10.01.2024","29,310","29,580","29,720","29,160","376,17K","-0,58%"
"09.01.2024","29,480","30,560","31,170","29,330","519,58K","-3,12%"
"08.01.2024","30,430","29,300","30,440","28,820","490,58K","2,15%"
"05.01.2024","29,790","29,820","30,060","29,365","658,49K","1,05%"
"04.01.2024","29,480","30,160","30,520","29,290","278,12K","-2,12%"
"03.01.2024","30,120","28,700","30,450","28,640","654,30K","5,65%"
"02.01.2024","28,510","29,650","29,961","28,430","331,38K","-3,39%"
"29.12.2023","29,510","29,200","29,690","28,850","283,67K","1,06%"
"28.12.2023","29,200","29,550","29,860","29,190","252,98K","-2,24%"
"27.12.2023","29,870","29,900","30,347","29,664","406,93K","-0,10%"
"26.12.2023","29,900","30,010","30,750","29,880","344,93K","0,20%"
"22.12.2023","29,840","30,180","30,540","29,550","406,83K","-0,80%"
"21.12.2023","30,080","31,370","32,250","30,060","678,52K","-3,37%"
"20.12.2023","31,130","31,040","31,240","30,520","702,52K","0,52%"
"19.12.2023","30,970","30,240","31,205","30,060","625,79K","1,74%"
"18.12.2023","30,440","29,040","30,840","29,040","844,70K","6,40%"
"15.12.2023","28,610","29,010","29,440","28,600","562,71K","-2,09%"
"14.12.2023","29,220","29,600","29,980","29,060","770,87K","0,07%"
"13.12.2023","29,200","30,000","30,350","28,530","767,83K","-2,57%"
"12.12.2023","29,970","30,090","30,210","29,280","614,50K","-0,60%"
"11.12.2023","30,150","30,620","30,620","29,660","673,84K","-0,79%"
"08.12.2023","30,390","30,080","30,460","29,900","727,53K","1,67%"
"07.12.2023","29,890","30,300","30,760","29,860","557,14K","-0,70%"
"06.12.2023","30,100","31,220","31,220","30,068","509,67K","-4,05%"
"05.12.2023","31,370","29,800","31,449","29,800","625,73K","4,32%"
"04.12.2023","30,070","31,160","31,340","29,550","693,83K","-3,28%"
"01.12.2023","31,090","30,680","31,215","30,554","600,67K","0,84%"
"30.11.2023","30,830","30,600","31,220","30,180","557,33K","1,35%"
"29.11.2023","30,420","31,000","31,430","30,400","531,96K","-1,52%"
"28.11.2023","30,890","32,120","32,300","30,700","1,10M","-3,83%"
"27.11.2023","32,120","32,420","33,140","31,523","904,40K","0,72%"
"24.11.2023","31,890","29,220","32,660","29,220","1,06M","9,59%"
"22.11.2023","29,100","29,660","29,980","28,670","893,07K","-2,51%"
"21.11.2023","29,850","30,100","30,240","29,150","821,49K","-0,80%"
"20.11.2023","30,090","29,730","32,240","29,620","2,46M","13,16%"
"17.11.2023","26,590","25,920","27,240","25,795","638,25K","3,66%"
"16.11.2023","25,650","25,990","26,000","25,000","591,71K","-2,40%"
"15.11.2023","26,280","26,660","27,090","26,280","590,29K","-2,12%"
"14.11.2023","26,850","26,220","26,900","26,205","733,20K","2,40%"
"13.11.2023","26,220","26,680","27,171","26,020","570,17K","-2,02%"
"10.11.2023","26,760","26,420","27,150","26,210","310,89K","2,69%"
"09.11.2023","26,060","25,460","26,710","25,400","385,60K","2,48%"
"08.11.2023","25,430","25,970","26,450","25,310","697,23K","-2,49%"
"07.11.2023","26,080","26,640","26,683","25,830","862,47K","-4,05%"
"06.11.2023","27,180","28,450","28,450","27,110","462,83K","-3,48%"
"03.11.2023","28,160","28,600","28,990","27,850","462,46K","-1,12%"
"02.11.2023","28,480","27,970","28,700","27,670","516,59K","3,11%"
"01.11.2023","27,620","27,420","28,550","27,188","709,90K","1,47%"
"31.10.2023","27,220","28,040","28,490","26,630","858,67K","-3,44%"
"30.10.2023","28,190","29,440","29,865","27,430","908,77K","-3,59%"
"27.10.2023","29,240","29,790","29,850","29,040","280,70K","-1,81%"
"26.10.2023","29,780","30,050","30,420","29,200","442,75K","-1,06%"
"25.10.2023","30,100","30,650","31,410","29,330","774,51K","-1,44%"
"24.10.2023","30,540","30,540","31,150","30,240","643,00K","0,79%"
"23.10.2023","30,300","30,000","30,620","28,320","969,11K","-0,95%"
"20.10.2023","30,590","31,170","31,170","30,230","394,62K","-2,02%"
"19.10.2023","31,220","31,150","31,590","30,800","654,86K","0,13%"
"18.10.2023","31,180","32,780","33,090","30,910","1,00M","-4,33%"
"17.10.2023","32,590","31,860","32,680","31,740","746,74K","3,82%"
"16.10.2023","31,390","31,290","32,180","30,685","774,71K","1,06%"
"13.10.2023","31,060","31,660","31,950","31,010","388,45K","0,58%"
"12.10.2023","30,880","31,480","31,765","30,520","843,71K","-0,32%"
"11.10.2023","30,980","30,740","31,215","30,410","689,29K","0,52%"
"10.10.2023","30,820","31,000","31,490","30,650","782,91K","-0,13%"
"09.10.2023","30,860","30,940","31,271","30,540","501,95K","3,87%"
"06.10.2023","29,710","29,280","29,990","29,105","612,70K","2,03%"
"05.10.2023","29,120","28,260","29,310","28,160","425,69K","1,36%"
"04.10.2023","28,730","29,400","29,450","28,040","822,28K","-2,44%"
"03.10.2023","29,450","30,490","30,720","29,010","731,22K","-3,12%"
"02.10.2023","30,400","30,230","31,010","30,020","772,52K","0,03%"
"29.09.2023","30,390","31,365","31,790","29,710","1,57M","-2,28%"
"28.09.2023","31,100","30,385","31,260","30,350","884,23K","2,54%"
"27.09.2023","30,330","28,470","30,690","28,285","1,32M","10,09%"
"26.09.2023","27,550","27,270","28,350","26,940","634,26K","0,55%"
"25.09.2023","27,400","27,300","27,897","27,190","409,57K","-0,04%"
"22.09.2023","27,410","27,980","28,640","27,400","692,90K","-0,51%"
"21.09.2023","27,550","27,060","27,870","26,570","629,24K","2,04%"
"20.09.2023","27,000","26,830","27,440","26,810","272,85K","-0,44%"
"19.09.2023","27,120","28,210","28,375","26,960","487,48K","-2,90%"
"18.09.2023","27,930","27,500","28,330","27,430","611,37K","2,76%"
"15.09.2023","27,180","27,380","27,440","26,840","479,01K","-0,80%"
"14.09.2023","27,400","26,500","27,830","26,460","773,76K","3,71%"
"13.09.2023","26,420","25,880","26,420","25,540","543,96K","3,08%"
"12.09.2023","25,630","24,630","25,820","24,514","366,33K","3,98%"
"11.09.2023","24,650","24,860","25,370","24,460","492,05K","-0,80%"
"08.09.2023","24,850","25,550","26,101","24,380","771,09K","-2,40%"
"07.09.2023","25,460","25,800","25,890","25,280","479,55K","-1,66%"
"06.09.2023","25,890","25,100","26,450","25,030","582,48K","2,45%"
"05.09.2023","25,270","26,800","26,860","25,170","999,36K","-5,50%"
"01.09.2023","26,740","27,200","27,400","26,700","340,07K","-0,22%"
"31.08.2023","26,800","27,120","27,340","26,510","519,27K","-0,48%"
"30.08.2023","26,930","26,800","27,444","26,800","398,09K","0,79%"
"29.08.2023","26,720","27,310","27,960","26,460","822,91K","-2,16%"
"28.08.2023","27,310","26,250","27,320","26,140","677,00K","4,56%"
"25.08.2023","26,120","26,180","26,290","25,446","333,47K","0,97%"
"24.08.2023","25,870","26,410","26,590","25,740","448,09K","-1,41%"
"23.08.2023","26,240","25,160","26,420","24,790","621,27K","4,04%"
"22.08.2023","25,220","24,910","25,380","24,910","325,07K","1,29%"
"21.08.2023","24,900","25,420","25,690","24,670","339,46K","-0,64%"
"18.08.2023","25,060","24,750","25,380","24,500","380,37K","0,32%"
"17.08.2023","24,980","25,590","26,000","24,790","841,77K","-1,15%"
"16.08.2023","25,270","25,150","26,290","25,010","597,37K","0,08%"
"15.08.2023","25,250","25,290","25,530","25,070","373,53K","-0,94%"
"14.08.2023","25,490","25,490","26,690","24,040","1,02M","-1,47%"
"11.08.2023","25,870","24,990","26,170","24,990","524,21K","2,41%"
"10.08.2023","25,260","25,430","26,090","25,130","460,44K","-0,90%"
"09.08.2023","25,490","26,000","26,430","25,395","611,62K","-1,16%"
"08.08.2023","25,790","24,250","25,990","24,085","644,78K","3,24%"
"07.08.2023","24,980","24,920","25,190","24,480","405,23K","-0,04%"
"04.08.2023","24,990","25,180","25,950","24,930","647,01K","0,44%"
"03.08.2023","24,880","24,780","25,050","23,730","803,55K","-0,60%"
"02.08.2023","25,030","25,550","25,550","24,810","609,64K","-3,02%"
"01.08.2023","25,810","25,500","25,890","25,017","616,29K","-1,11%"
"31.07.2023","26,100","25,910","26,380","25,660","547,36K","1,52%"
"28.07.2023","25,710","25,300","26,010","24,570","632,73K","1,54%"
"27.07.2023","25,320","26,030","26,140","25,135","590,92K","-2,16%"
"26.07.2023","25,880","26,000","26,400","25,860","462,97K","-1,56%"
"25.07.2023","26,290","26,200","26,700","26,045","760,62K","0,11%"
"24.07.2023","26,260","26,250","26,950","26,080","800,94K","0,31%"
"21.07.2023","26,180","26,260","26,700","26,087","395,87K","0,42%"
"20.07.2023","26,070","26,900","26,900","25,810","789,57K","-2,43%"
"19.07.2023","26,720","27,220","27,760","26,450","814,41K","-0,96%"
"18.07.2023","26,980","26,300","27,550","26,190","1,23M","3,85%"
"17.07.2023","25,980","25,000","26,779","25,000","1,75M","3,75%"
"14.07.2023","25,040","26,000","26,021","23,590","3,22M","-8,58%"
"13.07.2023","27,390","26,800","27,850","26,680","1,08M","2,62%"
"12.07.2023","26,690","26,500","27,240","26,330","1,22M","1,95%"
"11.07.2023","26,180","25,700","26,200","25,310","971,40K","3,44%"
"10.07.2023","25,310","24,160","25,310","23,930","935,03K","5,24%"
"07.07.2023","24,050","23,470","24,250","23,430","496,71K","2,47%"
"06.07.2023","23,470","24,050","24,080","23,050","794,88K","-2,90%"
"05.07.2023","24,170","24,200","24,369","23,805","400,82K","-0,04%"
"03.07.2023","24,180","24,410","24,550","24,100","271,61K","0,25%"
"30.06.2023","24,120","24,680","24,680","23,940","410,93K","-0,90%"
"29.06.2023","24,340","24,070","24,490","24,060","416,98K","1,97%"
"28.06.2023","23,870","23,400","24,190","23,280","444,72K","1,70%"
"27.06.2023","23,470","24,070","24,400","23,390","624,20K","-2,61%"
"26.06.2023","24,100","23,690","24,543","23,660","888,10K","3,30%"
"23.06.2023","23,330","23,240","23,450","22,406","832,05K","-1,02%"
"22.06.2023","23,570","24,540","24,540","23,460","816,42K","-4,77%"
"21.06.2023","24,750","24,440","25,310","24,250","1,04M","2,70%"
"20.06.2023","24,100","24,160","24,200","23,200","691,84K","0,58%"
"16.06.2023","23,960","23,240","24,110","22,770","932,53K","4,58%"
"15.06.2023","22,910","22,580","23,430","22,580","1,24M","1,78%"
"14.06.2023","22,510","22,350","22,630","22,000","1,17M","1,53%"
"13.06.2023","22,170","22,600","22,960","22,160","557,98K","-1,55%"
"12.06.2023","22,520","22,800","23,360","22,290","909,22K","-3,64%"
"09.06.2023","23,370","23,450","23,755","23,180","571,52K","0,26%"
"08.06.2023","23,310","23,880","24,020","22,640","723,26K","-0,30%"
"07.06.2023","23,380","22,720","23,600","22,720","951,70K","3,50%"
"06.06.2023","22,590","21,780","22,800","21,570","696,72K","2,59%"
"05.06.2023","22,020","21,790","22,240","21,570","433,60K","1,71%"
"02.06.2023","21,650","21,900","22,440","21,650","450,31K","0,60%"
"01.06.2023","21,520","20,730","21,730","20,630","334,13K","4,11%"
"31.05.2023","20,670","20,710","21,120","20,450","463,70K","-2,50%"
"30.05.2023","21,200","20,790","21,200","20,320","469,30K","0,05%"
"26.05.2023","21,190","21,420","21,850","21,030","269,19K","0,33%"
"25.05.2023","21,120","21,690","21,750","20,930","357,42K","-3,69%"
"24.05.2023","21,930","21,990","22,000","21,315","424,64K","1,48%"
"23.05.2023","21,610","20,620","22,140","20,570","799,34K","4,80%"
"22.05.2023","20,620","20,330","20,890","20,220","404,33K","1,98%"
"19.05.2023","20,220","20,410","20,460","20,030","435,49K","0,10%"
"18.05.2023","20,200","20,510","20,510","19,620","384,96K","-1,37%"
"17.05.2023","20,480","20,400","20,675","20,290","474,55K","1,99%"
"16.05.2023","20,080","20,630","20,909","19,980","526,52K","-3,83%"
"15.05.2023","20,880","21,500","21,610","20,390","486,93K","-1,88%"
"12.05.2023","21,280","21,160","21,530","21,000","822,78K","0,57%"
"11.05.2023","21,160","21,050","21,230","20,060","735,23K","-0,47%"
"10.05.2023","21,260","22,000","22,000","21,230","325,41K","-2,79%"
"09.05.2023","21,870","20,770","21,975","20,620","638,05K","3,99%"
"08.05.2023","21,030","21,010","21,340","20,660","521,74K","3,04%"
"05.05.2023","20,410","19,560","20,600","19,535","559,73K","7,48%"
"04.05.2023","18,990","19,700","19,980","18,900","482,90K","-3,31%"
"03.05.2023","19,640","19,750","20,050","19,560","412,67K","-2,29%"
"02.05.2023","20,100","19,750","20,200","19,280","630,82K","0,85%"
"01.05.2023","19,930","20,820","21,100","19,350","714,55K","-4,73%"
"28.04.2023","20,920","20,370","21,095","20,310","316,90K","2,80%"
"27.04.2023","20,350","20,140","20,620","19,910","490,21K","1,09%"
"26.04.2023","20,130","21,090","21,220","19,610","850,53K","-3,64%"
"25.04.2023","20,890","21,080","21,300","20,660","394,02K","-2,15%"
"24.04.2023","21,350","20,900","21,520","20,850","634,33K","1,18%"
"21.04.2023","21,100","21,590","21,840","21,000","463,52K","-2,27%"
"20.04.2023","21,590","21,220","21,730","21,219","256,01K","0,14%"
"19.04.2023","21,560","22,090","22,100","20,850","823,11K","-3,84%"
"18.04.2023","22,420","22,270","22,840","22,000","646,97K","0,13%"
"17.04.2023","22,390","22,740","22,740","21,810","552,62K","-0,04%"
"14.04.2023","22,400","21,430","22,410","21,430","576,81K","4,48%"
"13.04.2023","21,440","22,000","22,000","21,300","396,95K","-1,20%"
"12.04.2023","21,700","21,550","22,040","21,385","515,12K","0,93%"
"11.04.2023","21,500","21,500","21,770","21,230","634,86K","1,42%"
"10.04.2023","21,200","20,880","21,874","20,750","1,18M","2,96%"
"06.04.2023","20,590","20,800","20,960","20,330","153,24K","-1,01%"
"05.04.2023","20,800","20,980","20,980","20,210","376,22K","-1,75%"
"04.04.2023","21,170","21,310","21,330","20,550","628,20K","-0,05%"
"03.04.2023","21,180","20,990","21,450","20,560","864,93K","7,02%"
"31.03.2023","19,790","20,300","20,690","19,200","895,38K","-1,93%"
"30.03.2023","20,180","19,900","20,190","19,350","767,58K","2,07%"
"29.03.2023","19,770","19,500","20,010","19,300","684,65K","2,59%"
"28.03.2023","19,270","18,450","19,650","18,450","824,84K","4,39%"
"27.03.2023","18,460","17,390","18,630","17,204","1,10M","9,95%"
"24.03.2023","16,790","16,830","17,085","16,750","397,96K","-2,21%"
"23.03.2023","17,170","17,530","17,960","16,910","519,22K","-0,81%"
"22.03.2023","17,310","17,360","17,708","17,180","389,94K","-0,29%"
"21.03.2023","17,360","17,000","17,660","16,980","712,54K","3,70%"
"20.03.2023","16,740","16,270","16,950","16,200","591,01K","2,83%"
"17.03.2023","16,280","16,620","16,855","16,160","573,41K","-4,40%"
"16.03.2023","17,030","16,150","17,150","15,905","740,25K","4,54%"
"15.03.2023","16,290","16,860","16,980","15,900","1,26M","-7,60%"
"14.03.2023","17,630","17,490","18,530","17,440","543,19K","1,56%"
"13.03.2023","17,360","17,570","17,870","16,500","1,20M","-3,77%"
"10.03.2023","18,040","18,710","18,890","17,630","1,17M","-5,45%"
"09.03.2023","19,080","19,300","19,660","19,080","603,28K","-0,52%"
"08.03.2023","19,180","19,090","19,550","18,870","491,63K","0,37%"
"07.03.2023","19,110","19,500","19,569","18,975","587,93K","-2,35%"
"06.03.2023","19,570","19,200","19,690","18,820","589,23K","1,40%"
"03.03.2023","19,300","18,700","19,520","18,550","618,16K","3,21%"
"02.03.2023","18,700","18,730","18,925","18,530","801,69K","-1,32%"
"01.03.2023","18,950","18,100","18,950","18,060","750,22K","5,04%"
"28.02.2023","18,040","18,500","18,680","17,920","551,46K","-1,58%"
"27.02.2023","18,330","17,500","18,480","17,300","622,84K","5,41%"
"24.02.2023","17,390","18,030","18,030","17,160","599,87K","-3,07%"
"23.02.2023","17,940","17,530","18,150","17,530","670,44K","4,06%"
"22.02.2023","17,240","17,750","18,320","17,130","885,61K","-2,98%"
"21.02.2023","17,770","17,600","18,190","17,530","637,50K","1,72%"
"17.02.2023","17,470","18,000","18,020","17,150","893,12K","-3,75%"
"16.02.2023","18,150","18,620","18,940","18,110","605,42K","-1,89%"
"15.02.2023","18,500","18,620","18,740","18,060","609,78K","0,38%"
"14.02.2023","18,430","18,070","18,730","18,045","1,12M","3,95%"
"13.02.2023","17,730","17,510","18,080","17,470","1,39M","4,66%"
"10.02.2023","16,940","16,790","17,020","16,560","400,63K","2,67%"
"09.02.2023","16,500","17,000","17,217","16,410","558,62K","-2,48%"
"08.02.2023","16,920","16,800","17,600","16,710","1,14M","2,86%"
"07.02.2023","16,450","15,740","16,470","15,650","814,74K","6,20%"
"06.02.2023","15,490","15,470","15,650","15,130","325,34K","-0,13%"
"03.02.2023","15,510","15,520","16,170","15,500","326,87K","-0,70%"
"02.02.2023","15,620","15,910","15,910","15,260","921,73K","-2,31%"
"01.02.2023","15,990","15,790","16,095","15,450","912,85K","0,57%"
"31.01.2023","15,900","15,630","16,210","15,630","443,03K","1,27%"
"30.01.2023","15,700","15,880","16,320","15,610","585,44K","-2,67%"
"27.01.2023","16,130","16,400","16,730","16,080","341,33K","-1,65%"
"26.01.2023","16,400","16,720","16,850","16,180","718,75K","-1,80%"
"25.01.2023","16,700","16,250","16,765","16,000","376,27K","2,71%"
"24.01.2023","16,260","16,510","16,720","15,970","789,14K","-2,52%"
"23.01.2023","16,680","16,300","16,870","16,240","635,23K","2,77%"
"20.01.2023","16,230","16,230","16,420","15,970","358,33K","0,62%"
"19.01.2023","16,130","15,260","16,210","15,180","623,67K","3,93%"
"18.01.2023","15,520","16,810","17,060","15,300","1,02M","-7,67%"
"17.01.2023","16,810","17,000","17,030","16,270","699,35K","0,66%"
"13.01.2023","16,700","16,150","16,720","15,920","497,92K","3,79%"
"12.01.2023","16,090","15,870","16,550","15,765","1,17M","2,81%"
"11.01.2023","15,650","15,900","16,135","15,600","781,67K","0,38%"
"10.01.2023","15,590","15,790","15,880","15,448","726,42K","-0,95%"
"09.01.2023","15,740","15,100","15,750","15,100","558,47K","6,86%"
"06.01.2023","14,730","15,090","15,250","14,616","533,05K","-0,34%"
"05.01.2023","14,780","14,300","14,810","14,300","352,61K","4,30%"
"04.01.2023","14,170","14,160","14,590","13,840","815,18K","-1,39%"
"03.01.2023","14,370","15,670","15,700","14,270","833,83K","-8,24%"
"30.12.2022","15,660","15,470","15,690","15,320","382,16K","0,90%"
"29.12.2022","15,520","15,370","15,600","15,230","409,26K","0,39%"
"28.12.2022","15,460","15,850","15,850","15,020","718,52K","-2,03%"
"27.12.2022","15,780","16,150","16,240","15,430","523,23K","-0,63%"
"23.12.2022","15,880","14,950","15,880","14,932","760,88K","7,81%"
"22.12.2022","14,730","14,690","14,750","14,360","552,60K","1,03%"
"21.12.2022","14,580","14,230","14,686","13,900","727,00K","2,68%"
"20.12.2022","14,200","13,850","14,579","13,850","884,31K","3,05%"
"19.12.2022","13,780","13,060","13,810","13,020","1,13M","6,16%"
"16.12.2022","12,980","12,450","13,040","12,290","587,07K","0,62%"
"15.12.2022","12,900","12,670","12,990","12,420","600,31K","1,10%"
"14.12.2022","12,760","12,510","12,940","12,250","640,19K","2,99%"
"13.12.2022","12,390","12,250","12,720","12,110","795,16K","3,25%"
"12.12.2022","12,000","11,910","12,300","11,810","453,83K","0,42%"
"09.12.2022","11,950","12,360","12,620","11,690","1,06M","-3,63%"
"08.12.2022","12,400","12,520","12,720","12,200","994,68K","-1,12%"
"07.12.2022","12,540","12,750","12,910","12,390","877,00K","-1,65%"
"06.12.2022","12,750","13,270","13,840","12,690","718,81K","-4,85%"
"05.12.2022","13,400","13,940","14,080","13,220","473,22K","-1,83%"
"02.12.2022","13,650","14,080","14,260","13,570","637,01K","-4,01%"
"01.12.2022","14,220","14,670","14,680","13,570","656,93K","-1,32%"
"30.11.2022","14,410","14,680","14,840","14,070","556,01K","0,49%"
"29.11.2022","14,340","13,870","14,420","13,725","426,26K","5,83%"
"28.11.2022","13,550","13,530","13,890","13,300","534,03K","-2,45%"
"25.11.2022","13,890","13,350","13,900","13,290","313,88K","4,67%"
"23.11.2022","13,270","12,910","13,300","12,700","736,61K","0,84%"
"22.11.2022","13,160","13,000","13,380","12,960","451,04K","2,25%"
"21.11.2022","12,870","12,780","12,940","12,078","830,62K","-1,76%"
"18.11.2022","13,100","13,000","13,140","12,530","1,05M","-0,61%"
"17.11.2022","13,180","13,290","13,530","12,980","516,59K","-3,30%"
"16.11.2022","13,630","14,300","14,318","13,460","365,13K","-4,35%"
"15.11.2022","14,250","14,610","14,730","14,130","578,61K","-1,11%"
"14.11.2022","14,410","13,920","14,560","13,800","1,03M","3,59%"
"11.11.2022","13,910","13,500","13,990","13,430","787,06K","4,59%"
"10.11.2022","13,300","13,550","13,550","13,210","481,43K","1,76%"
"09.11.2022","13,070","13,600","13,600","12,910","588,38K","-4,32%"
"08.11.2022","13,660","13,860","13,860","13,310","590,92K","-1,37%"
"07.11.2022","13,850","14,250","14,260","13,750","738,81K","-1,00%"
"04.11.2022","13,990","14,180","14,280","13,600","778,22K","3,40%"
"03.11.2022","13,530","13,710","14,140","13,510","900,89K","-2,31%"
"02.11.2022","13,850","13,550","14,160","13,260","891,83K","1,39%"
"01.11.2022","13,660","13,630","13,780","13,150","809,50K","3,25%"
"31.10.2022","13,230","12,700","13,430","12,510","810,60K","3,85%"
"28.10.2022","12,740","13,060","13,250","12,500","1,00M","-3,26%"
"27.10.2022","13,170","13,840","13,940","12,950","1,22M","-4,70%"
"26.10.2022","13,820","13,390","13,840","13,100","970,52K","6,88%"
"25.10.2022","12,930","12,810","13,270","12,550","790,07K","0,94%"
"24.10.2022","12,810","12,650","12,900","12,220","912,69K","1,75%"
"21.10.2022","12,590","12,110","12,650","12,110","526,52K","3,88%"
"20.10.2022","12,120","12,000","12,740","12,000","1,26M","2,11%"
"19.10.2022","11,870","11,560","11,950","11,510","640,78K","4,40%"
"18.10.2022","11,370","11,910","11,910","11,190","355,38K","-1,81%"
"17.10.2022","11,580","11,470","11,790","11,380","384,83K","3,21%"
"14.10.2022","11,220","11,880","11,900","11,160","459,47K","-4,75%"
"13.10.2022","11,780","11,000","11,890","11,000","427,30K","5,18%"
"12.10.2022","11,200","11,190","11,290","10,870","379,80K","0,63%"
"11.10.2022","11,130","11,340","11,490","10,900","550,25K","-2,28%"
"10.10.2022","11,390","11,840","11,889","11,260","745,12K","-3,56%"
"07.10.2022","11,810","11,910","12,350","11,730","1,12M","-0,76%"
"06.10.2022","11,900","11,370","11,960","11,280","1,00M","4,39%"
"05.10.2022","11,400","10,310","11,420","10,120","1,34M","11,44%"
"04.10.2022","10,230","10,290","10,350","10,110","553,66K","2,40%"
"03.10.2022","9,990","9,780","10,120","9,750","633,23K","6,05%"
"30.09.2022","9,420","9,280","9,450","9,193","397,04K","0,75%"
"29.09.2022","9,350","9,330","9,430","9,130","360,03K","-0,64%"
"28.09.2022","9,410","8,750","9,425","8,640","638,88K","8,79%"
"27.09.2022","8,650","8,510","8,930","8,430","621,93K","2,98%"
"26.09.2022","8,400","8,550","8,720","8,370","558,55K","-1,87%"
"23.09.2022","8,560","8,850","8,940","8,430","749,48K","-7,96%"
"22.09.2022","9,300","9,390","9,600","8,980","694,75K","-2,52%"
"21.09.2022","9,540","9,850","9,850","9,290","540,65K","-1,55%"
"20.09.2022","9,690","9,860","9,860","9,470","383,32K","-1,02%"
"19.09.2022","9,790","9,580","9,910","9,580","555,91K","-0,10%"
"16.09.2022","9,800","9,850","9,900","9,510","373,62K","-1,51%"
"15.09.2022","9,950","10,450","10,450","9,870","452,13K","-5,06%"
"14.09.2022","10,480","10,610","10,790","10,280","982,87K","0,58%"
"13.09.2022","10,420","10,100","10,820","10,100","675,09K","0,29%"
"12.09.2022","10,390","10,400","10,560","10,230","419,69K","1,17%"
"09.09.2022","10,270","10,090","10,330","10,030","409,99K","4,69%"
"08.09.2022","9,810","10,120","10,120","9,735","407,77K","-1,80%"
"07.09.2022","9,990","9,740","10,180","9,635","1,12M","0,10%"
"06.09.2022","9,980","10,310","10,430","9,940","603,22K","-0,50%"
"02.09.2022","10,030","9,910","10,090","9,630","451,69K","4,81%"
"01.09.2022","9,570","9,600","9,700","9,310","552,98K","-2,94%"
"31.08.2022","9,860","9,900","10,110","9,580","567,04K","-1,69%"
"30.08.2022","10,030","10,420","10,420","9,870","1,21M","-3,65%"
"29.08.2022","10,410","9,890","10,570","9,880","821,55K","5,26%"
"26.08.2022","9,890","10,470","10,490","9,820","1,41M","-4,81%"
"25.08.2022","10,390","9,900","10,460","9,660","1,09M","5,59%"
"24.08.2022","9,840","9,690","10,000","9,690","1,16M","2,39%"
"23.08.2022","9,610","9,010","9,700","9,000","1,44M","7,37%"
"22.08.2022","8,950","8,730","8,990","8,470","975,23K","2,52%"
"19.08.2022","8,730","8,950","8,950","8,610","550,25K","-3,00%"
"18.08.2022","9,000","8,760","9,230","8,750","1,44M","3,81%"
"17.08.2022","8,670","8,990","9,140","8,580","822,10K","-2,58%"
"16.08.2022","8,900","9,240","9,410","8,790","681,27K","-2,63%"
"15.08.2022","9,140","8,840","9,300","8,550","451,98K","0,11%"
"12.08.2022","9,130","9,000","9,170","8,810","544,69K","1,67%"
"11.08.2022","8,980","9,000","9,185","8,920","417,84K","2,05%"
"10.08.2022","8,800","8,930","8,980","8,562","581,47K","0,00%"
"09.08.2022","8,800","9,050","9,220","8,630","442,66K","-1,12%"
"08.08.2022","8,900","8,660","8,990","8,510","411,25K","3,49%"
"05.08.2022","8,600","8,240","8,740","8,190","297,88K","1,78%"
"04.08.2022","8,450","8,460","8,670","8,230","542,40K","-0,82%"
"03.08.2022","8,520","8,790","8,790","8,500","416,07K","-2,29%"
"02.08.2022","8,720","8,510","8,800","8,450","478,50K","1,16%"
"01.08.2022","8,620","8,780","8,850","8,430","922,40K","-1,82%"
"29.07.2022","8,780","8,590","9,090","8,460","1,23M","2,21%"
"28.07.2022","8,590","8,190","8,630","8,080","1,12M","4,50%"
"27.07.2022","8,220","7,140","8,250","7,100","1,21M","17,93%"
"26.07.2022","6,970","6,780","7,020","6,700","518,87K","6,09%"
"25.07.2022","6,570","6,100","6,570","6,100","633,10K","7,88%"
"22.07.2022","6,090","6,100","6,170","5,995","419,53K","-0,49%"
"21.07.2022","6,120","6,020","6,220","5,930","462,21K","-1,29%"
"20.07.2022","6,200","6,080","6,300","5,910","609,04K","0,32%"
"19.07.2022","6,180","6,170","6,401","6,130","537,65K","-0,48%"
"18.07.2022","6,210","6,330","6,480","6,150","303,98K","0,81%"
"15.07.2022","6,160","6,310","6,310","6,120","272,57K","-0,48%"
"14.07.2022","6,190","6,240","6,280","6,027","345,48K","-4,48%"
"13.07.2022","6,480","6,370","6,670","6,340","267,79K","0,93%"
"12.07.2022","6,420","6,370","6,495","6,220","544,87K","-2,13%"
"11.07.2022","6,560","6,730","6,825","6,460","446,82K","-4,93%"
"08.07.2022","6,900","7,000","7,020","6,720","326,58K","0,29%"
"07.07.2022","6,880","6,810","7,080","6,750","320,57K","3,61%"
"06.07.2022","6,640","6,700","6,800","6,500","480,93K","-1,34%"
"05.07.2022","6,730","7,290","7,318","6,550","600,62K","-10,03%"
"01.07.2022","7,480","7,440","7,620","7,160","231,06K","1,22%"
"30.06.2022","7,390","7,610","7,800","7,340","522,80K","-5,26%"
"29.06.2022","7,800","8,080","8,190","7,720","1,10M","-2,38%"
"28.06.2022","7,990","7,810","8,000","7,670","619,92K","5,97%"
"27.06.2022","7,540","7,250","7,580","7,230","397,99K","5,45%"
"24.06.2022","7,150","7,080","7,350","6,930","509,03K","2,73%"
"23.06.2022","6,960","7,090","7,215","6,810","688,84K","-1,56%"
"22.06.2022","7,070","6,980","7,270","6,820","853,92K","-3,02%"
"21.06.2022","7,290","7,410","7,645","7,270","429,84K","0,14%"
"17.06.2022","7,280","7,530","7,560","7,100","790,62K","-3,06%"
"16.06.2022","7,510","7,780","8,140","7,350","1,31M","-7,17%"
"15.06.2022","8,090","8,020","8,190","7,810","898,42K","2,41%"
"14.06.2022","7,900","8,300","8,310","7,750","1,10M","-1,99%"
"13.06.2022","8,060","8,300","8,359","7,980","934,94K","-7,14%"
"10.06.2022","8,680","8,600","8,750","8,410","628,36K","-0,69%"
"09.06.2022","8,740","9,160","9,210","8,720","863,27K","-5,92%"
"08.06.2022","9,290","9,550","9,569","9,150","921,42K","-2,42%"
"07.06.2022","9,520","9,210","9,740","9,138","753,47K","3,37%"
"06.06.2022","9,210","9,030","9,290","8,820","993,22K","2,68%"
"03.06.2022","8,970","9,010","9,120","8,740","897,21K","-0,44%"
"02.06.2022","9,010","9,120","9,240","8,920","1,14M","-0,99%"
"01.06.2022","9,100","9,280","9,460","9,040","1,13M","-0,33%"
"31.05.2022","9,130","9,800","10,030","9,070","1,39M","-5,29%"
"27.05.2022","9,640","9,390","9,805","9,250","722,79K","3,32%"
"26.05.2022","9,330","9,360","9,570","9,230","726,57K","0,00%"
"25.05.2022","9,330","8,910","9,410","8,870","602,08K","4,48%"
"24.05.2022","8,930","8,820","9,080","8,673","743,69K","-0,56%"
"23.05.2022","8,980","8,520","9,040","8,381","982,40K","5,40%"
"20.05.2022","8,520","8,250","8,600","8,250","883,66K","4,03%"
"19.05.2022","8,190","8,000","8,450","8,000","677,22K","-0,24%"
"18.05.2022","8,210","8,820","8,850","8,100","430,02K","-6,28%"
"17.05.2022","8,760","8,800","8,891","8,520","600,79K","1,74%"
"16.05.2022","8,610","8,480","8,746","8,410","543,35K","1,53%"
"13.05.2022","8,480","8,010","8,550","8,010","746,79K","5,60%"
"12.05.2022","8,030","8,020","8,270","7,670","285,32K","-0,25%"
"11.05.2022","8,050","8,000","8,400","7,873","750,15K","3,34%"
"10.05.2022","7,790","7,770","8,030","7,560","466,79K","2,23%"
"09.05.2022","7,620","8,380","8,438","7,560","956,39K","-10,98%"
"06.05.2022","8,560","8,520","8,690","8,140","743,28K","2,03%"
"05.05.2022","8,390","8,940","8,950","8,340","406,22K","-5,30%"
"04.05.2022","8,860","9,070","9,070","8,520","618,92K","0,45%"
"03.05.2022","8,820","8,370","8,850","8,370","344,00K","4,63%"
"02.05.2022","8,430","8,360","8,550","8,210","386,15K","-0,35%"
"29.04.2022","8,460","8,350","8,920","8,270","502,88K","-1,05%"
"28.04.2022","8,550","8,460","8,730","8,030","761,70K","0,23%"
"27.04.2022","8,530","8,020","8,530","7,810","505,29K","5,83%"
"26.04.2022","8,060","8,150","8,380","7,960","444,18K","-1,23%"
"25.04.2022","8,160","8,270","8,370","7,930","971,48K","-5,12%"
"22.04.2022","8,600","8,990","9,310","8,560","519,40K","-4,97%"
"21.04.2022","9,050","9,490","9,780","8,930","782,02K","-3,00%"
"20.04.2022","9,330","9,300","9,542","9,165","765,64K","1,86%"
"19.04.2022","9,160","9,080","9,300","8,900","396,78K","0,88%"
"18.04.2022","9,080","8,990","9,440","8,990","621,86K","0,78%"
"14.04.2022","9,010","8,970","9,130","8,850","519,60K","-0,77%"
"13.04.2022","9,080","8,800","9,140","8,730","455,59K","4,49%"
"12.04.2022","8,690","8,810","9,000","8,670","478,47K","0,70%"
"11.04.2022","8,630","9,030","9,030","8,600","556,51K","-5,58%"
"08.04.2022","9,140","9,270","9,340","9,070","218,45K","-0,87%"
"07.04.2022","9,220","9,230","9,360","8,950","334,29K","0,88%"
"06.04.2022","9,140","9,280","9,380","8,790","710,39K","-0,54%"
"05.04.2022","9,190","9,750","10,059","9,180","590,71K","-5,65%"
"04.04.2022","9,740","9,370","9,815","9,370","968,99K","5,98%"
"01.04.2022","9,190","9,060","9,270","9,060","288,28K","1,10%"
"31.03.2022","9,090","8,940","9,340","8,940","492,77K","0,89%"
"30.03.2022","9,010","9,250","9,330","8,880","654,70K","0,67%"
"29.03.2022","8,950","8,890","9,060","8,620","911,97K","-2,51%"
"28.03.2022","9,180","8,970","9,420","8,720","707,27K","-0,43%"
"25.03.2022","9,220","9,000","9,290","9,000","851,56K","2,44%"
"24.03.2022","9,000","9,320","9,440","8,980","918,59K","-2,07%"
"23.03.2022","9,190","8,730","9,300","8,630","1,59M","8,63%"
"22.03.2022","8,460","8,420","8,635","8,265","678,15K","0,24%"
"21.03.2022","8,440","7,970","8,440","7,970","985,69K","6,57%"
"18.03.2022","7,920","8,000","8,040","7,790","295,33K","-0,50%"
"17.03.2022","7,960","7,630","8,000","7,530","881,69K","6,42%"
"16.03.2022","7,480","7,830","8,063","7,480","552,28K","-5,32%"
"15.03.2022","7,900","7,550","8,070","7,420","1,35M","-0,50%"
"14.03.2022","7,940","8,310","8,310","7,720","746,87K","-5,70%"
"11.03.2022","8,420","8,660","8,700","8,390","810,00K","-0,94%"
"10.03.2022","8,500","8,290","8,650","8,180","603,01K","4,04%"
"09.03.2022","8,170","8,300","8,380","7,810","903,15K","-3,08%"
"08.03.2022","8,430","8,660","8,830","8,030","1,26M","0,24%"
"07.03.2022","8,410","8,250","8,691","8,210","1,09M","3,44%"
"04.03.2022","8,130","8,270","8,490","7,820","988,75K","-2,28%"
"03.03.2022","8,320","8,790","8,790","8,260","661,00K","-4,91%"
"02.03.2022","8,750","8,650","8,900","8,560","1,11M","3,06%"
"01.03.2022","8,490","8,290","9,070","8,260","1,16M","2,91%"
"28.02.2022","8,250","8,000","8,420","8,000","609,27K","3,13%"
"25.02.2022","8,000","8,240","8,300","7,810","988,72K","-2,20%"
"24.02.2022","8,180","8,070","8,320","7,560","1,83M","3,54%"
"23.02.2022","7,900","7,100","8,110","6,740","4,12M","13,83%"
"22.02.2022","6,940","7,040","7,130","6,840","1,10M","0,58%"
"18.02.2022","6,900","7,160","7,160","6,860","601,38K","-4,03%"
"17.02.2022","7,190","7,230","7,280","7,030","219,09K","-0,14%"
"16.02.2022","7,200","6,950","7,345","6,935","520,71K","4,50%"
"15.02.2022","6,890","6,800","6,960","6,750","417,07K","-2,27%"
"14.02.2022","7,050","7,150","7,200","6,930","647,33K","0,71%"
"11.02.2022","7,000","7,000","7,170","6,950","736,89K","1,01%"
"10.02.2022","6,930","6,720","6,990","6,680","408,55K","2,82%"
"09.02.2022","6,740","6,670","6,850","6,660","356,52K","1,81%"
"08.02.2022","6,620","6,740","6,770","6,530","266,93K","-0,75%"
"07.02.2022","6,670","6,420","6,800","6,400","491,77K","3,89%"
"04.02.2022","6,420","6,370","6,540","6,300","298,07K","1,58%"
"03.02.2022","6,320","6,300","6,350","6,010","284,89K","-1,10%"
"02.02.2022","6,390","6,500","6,540","6,320","175,95K","-1,39%"
"01.02.2022","6,480","6,220","6,550","6,220","494,16K","3,35%"
"31.01.2022","6,270","6,280","6,550","6,180","543,53K","0,32%"
"28.01.2022","6,250","5,920","6,250","5,890","960,78K","7,57%"
"27.01.2022","5,810","5,960","6,040","5,770","448,05K","-1,02%"
"26.01.2022","5,870","5,850","6,020","5,730","422,96K","1,73%"
"25.01.2022","5,770","5,280","5,850","5,190","442,09K","7,85%"
"24.01.2022","5,350","5,480","5,580","5,170","778,80K","-5,98%"
"21.01.2022","5,690","5,840","5,930","5,600","306,22K","-3,07%"
"20.01.2022","5,870","6,190","6,250","5,850","306,12K","-5,02%"
"19.01.2022","6,180","6,250","6,330","6,150","162,99K","0,65%"
"18.01.2022","6,140","6,380","6,480","6,090","580,68K","-1,13%"
"14.01.2022","6,210","6,150","6,270","6,130","194,21K","1,14%"
"13.01.2022","6,140","6,260","6,268","6,100","379,89K","0,00%"
"12.01.2022","6,140","6,000","6,240","5,970","351,68K","2,85%"
"11.01.2022","5,970","5,660","6,000","5,600","274,88K","5,66%"
"10.01.2022","5,650","5,705","5,780","5,560","282,99K","-1,05%"
"07.01.2022","5,710","5,630","5,730","5,450","162,63K","3,07%"
"06.01.2022","5,540","5,450","5,750","5,450","244,87K","2,03%"
"05.01.2022","5,430","5,800","5,960","5,410","319,87K","-5,89%"
"04.01.2022","5,770","5,400","5,850","5,360","497,71K","7,65%"
"03.01.2022","5,360","5,300","5,400","5,200","345,62K","0,56%"
"31.12.2021","5,330","5,200","5,370","5,182","128,24K","1,72%"
"30.12.2021","5,240","5,250","5,370","5,110","307,70K","0,00%"
"29.12.2021","5,240","5,250","5,300","5,110","179,67K","-0,95%"
"28.12.2021","5,290","5,240","5,470","5,190","360,62K","1,34%"
"27.12.2021","5,220","5,110","5,290","5,080","463,26K","2,35%"
"23.12.2021","5,100","5,060","5,200","5,040","299,15K","-0,20%"
"22.12.2021","5,110","5,200","5,200","5,080","245,61K","-1,92%"
"21.12.2021","5,210","5,150","5,210","5,040","270,22K","2,56%"
"20.12.2021","5,080","5,170","5,220","5,000","448,55K","-4,69%"
"17.12.2021","5,330","5,330","5,471","5,300","121,26K","-1,66%"
"16.12.2021","5,420","5,380","5,530","5,330","256,26K","0,93%"
"15.12.2021","5,370","5,330","5,400","5,110","340,74K","0,37%"
"14.12.2021","5,350","5,460","5,650","5,240","312,90K","-2,90%"
"13.12.2021","5,510","5,710","5,710","5,435","320,46K","-5,81%"
"10.12.2021","5,850","5,660","5,950","5,550","484,02K","4,84%"
"09.12.2021","5,580","5,530","5,750","5,485","462,96K","0,90%"
"08.12.2021","5,530","5,450","5,530","5,300","327,85K","2,98%"
"07.12.2021","5,370","5,420","5,490","5,300","382,92K","2,09%"
"06.12.2021","5,260","5,170","5,310","5,120","363,78K","2,94%"
"03.12.2021","5,110","5,130","5,210","4,970","308,49K","1,19%"
"02.12.2021","5,050","4,930","5,280","4,860","573,95K","2,02%"
"01.12.2021","4,950","5,130","5,310","4,890","515,46K","-1,39%"
"30.11.2021","5,020","5,160","5,300","4,880","361,96K","-4,56%"
"29.11.2021","5,260","5,220","5,390","5,060","355,04K","3,54%"
"26.11.2021","5,080","5,040","5,110","4,805","516,89K","-4,51%"
"24.11.2021","5,320","5,310","5,400","5,227","838,91K","0,57%"
"23.11.2021","5,290","5,570","5,600","5,210","251,03K","-4,17%"
"22.11.2021","5,520","5,320","5,810","5,275","355,26K","3,56%"
"19.11.2021","5,330","5,590","5,640","5,250","411,65K","-5,83%"
"18.11.2021","5,660","5,740","5,880","5,600","205,30K","-2,41%"
"17.11.2021","5,800","5,790","5,890","5,760","352,28K","-0,17%"
"16.11.2021","5,810","6,000","6,010","5,610","530,65K","-2,35%"
"15.11.2021","5,950","6,060","6,060","5,800","259,18K","-1,16%"
"12.11.2021","6,020","6,050","6,150","5,928","250,94K","-0,66%"
"11.11.2021","6,060","6,000","6,190","5,950","293,39K","1,51%"
"10.11.2021","5,970","6,030","6,270","5,940","2,36M","-2,45%"
"09.11.2021","6,120","5,740","6,230","5,740","1,06M","6,99%"
"08.11.2021","5,720","5,810","6,070","5,660","696,80K","-2,22%"
"05.11.2021","5,850","5,820","5,920","5,750","1,16M","1,21%"
"04.11.2021","5,780","5,990","6,000","5,750","1,65M","-2,36%"
"03.11.2021","5,920","6,000","6,030","5,840","1,70M","-1,50%"
"02.11.2021","6,010","6,330","6,335","5,900","596,52K","-4,91%"
"01.11.2021","6,320","6,410","6,625","6,240","484,39K","-0,94%"
"29.10.2021","6,380","6,560","6,610","6,320","493,11K","-2,60%"
"28.10.2021","6,550","6,410","6,630","6,410","413,24K","1,24%"
"27.10.2021","6,470","6,890","6,910","6,360","555,82K","-5,41%"
"26.10.2021","6,840","6,950","6,970","6,820","323,24K","-1,01%"
"25.10.2021","6,910","6,790","6,950","6,735","394,23K","2,37%"
"22.10.2021","6,750","6,780","6,900","6,660","329,84K","-1,03%"
"21.10.2021","6,820","6,970","7,000","6,600","750,51K","-1,59%"
"20.10.2021","6,930","6,580","6,990","6,580","257,84K","4,52%"
"19.10.2021","6,630","6,690","6,690","6,480","332,81K","0,76%"
"18.10.2021","6,580","6,440","6,760","6,430","540,39K","2,33%"
"15.10.2021","6,430","6,360","6,510","6,260","331,23K","2,39%"
"14.10.2021","6,280","6,470","6,508","6,210","386,10K","-1,41%"
"13.10.2021","6,370","6,000","6,390","5,830","652,87K","5,46%"
"12.10.2021","6,040","6,340","6,390","6,010","629,59K","-5,18%"
"11.10.2021","6,370","6,440","6,580","6,270","510,36K","0,95%"
"08.10.2021","6,310","6,320","6,550","6,220","849,62K","0,80%"
"07.10.2021","6,260","6,220","6,270","6,048","729,38K","1,13%"
"06.10.2021","6,190","5,950","6,210","5,770","755,39K","2,31%"
"05.10.2021","6,050","5,870","6,135","5,760","1,59M","5,40%"
"04.10.2021","5,740","5,460","5,870","5,460","1,24M","5,32%"
"01.10.2021","5,450","5,010","5,470","5,010","595,92K","8,35%"
"30.09.2021","5,030","5,030","5,100","4,930","420,93K","0,00%"
"29.09.2021","5,030","4,870","5,040","4,810","628,59K","3,50%"
"28.09.2021","4,860","4,650","4,940","4,490","881,10K","5,88%"
"27.09.2021","4,590","4,410","4,590","4,410","408,79K","5,28%"
"24.09.2021","4,360","4,350","4,391","4,310","251,10K","-0,91%"
"23.09.2021","4,400","4,260","4,410","4,260","232,83K","2,80%"
"22.09.2021","4,280","4,240","4,350","4,240","174,56K","2,64%"
"21.09.2021","4,170","4,300","4,300","4,120","245,66K","-1,42%"
"20.09.2021","4,230","4,380","4,380","4,080","374,33K","-6,42%"
"17.09.2021","4,520","4,510","4,590","4,400","379,07K","0,22%"
"16.09.2021","4,510","4,480","4,600","4,340","471,01K","0,22%"
"15.09.2021","4,500","4,330","4,620","4,280","851,61K","4,90%"
"14.09.2021","4,290","4,630","4,630","4,280","510,35K","-6,74%"
"13.09.2021","4,600","4,580","4,750","4,480","968,31K","10,31%"
"10.09.2021","4,170","4,330","4,370","4,150","262,16K","-1,65%"
"09.09.2021","4,240","4,460","4,590","4,224","347,93K","-5,36%"
"08.09.2021","4,480","4,590","4,660","4,380","188,81K","-2,18%"
"07.09.2021","4,580","4,530","4,680","4,500","286,43K","1,10%"
"03.09.2021","4,530","4,600","4,610","4,510","102,28K","-1,31%"
"02.09.2021","4,590","4,660","4,740","4,570","105,86K","-0,22%"
"01.09.2021","4,600","4,590","4,730","4,450","314,77K","-0,43%"
"31.08.2021","4,620","4,720","4,790","4,590","144,18K","-1,70%"
"30.08.2021","4,700","4,600","4,780","4,520","475,47K","3,07%"
"27.08.2021","4,560","4,540","4,690","4,540","200,53K","1,33%"
"26.08.2021","4,500","4,600","4,690","4,450","250,52K","-3,43%"
"25.08.2021","4,660","4,580","4,700","4,530","437,57K","2,42%"
"24.08.2021","4,550","4,520","4,650","4,430","783,80K","2,48%"
"23.08.2021","4,440","4,170","4,470","4,170","398,35K","6,47%"
"20.08.2021","4,170","4,130","4,230","4,110","381,28K","0,48%"
"19.08.2021","4,150","4,260","4,370","4,070","860,03K","-5,03%"
"18.08.2021","4,370","4,420","4,570","4,240","276,57K","-2,24%"
"17.08.2021","4,470","4,580","4,690","4,426","328,42K","-3,66%"
"16.08.2021","4,640","4,600","4,700","4,420","448,99K","-0,64%"
"13.08.2021","4,670","4,870","4,880","4,570","276,82K","-4,50%"
"12.08.2021","4,890","4,810","4,900","4,755","209,53K","1,03%"
"11.08.2021","4,840","4,760","4,849","4,680","188,37K","1,47%"
"10.08.2021","4,770","4,720","4,830","4,670","167,54K","1,71%"
"09.08.2021","4,690","4,620","4,700","4,516","642,66K","1,30%"
"06.08.2021","4,630","4,890","4,930","4,590","257,09K","-4,54%"
"05.08.2021","4,850","4,720","4,950","4,680","236,94K","3,19%"
"04.08.2021","4,700","4,700","4,770","4,615","181,60K","-0,84%"
"03.08.2021","4,740","4,800","4,800","4,416","369,92K","-1,04%"
"02.08.2021","4,790","4,790","4,880","4,685","266,10K","0,63%"
"30.07.2021","4,760","4,890","4,890","4,650","443,00K","-1,86%"
"29.07.2021","4,850","4,610","4,990","4,580","740,32K","4,30%"
"28.07.2021","4,650","4,360","4,730","4,320","701,50K","9,67%"
"27.07.2021","4,240","4,100","4,280","4,050","774,12K","-1,85%"
"26.07.2021","4,320","4,070","4,320","4,070","385,39K","5,62%"
"23.07.2021","4,090","4,210","4,210","4,080","154,53K","-2,15%"
"22.07.2021","4,180","4,050","4,270","3,996","684,48K","2,96%"
"21.07.2021","4,060","3,700","4,180","3,700","873,58K","12,78%"
"20.07.2021","3,600","3,380","3,600","3,380","212,24K","6,51%"
"19.07.2021","3,380","3,530","3,530","3,380","473,27K","-7,14%"
"16.07.2021","3,640","3,810","3,810","3,571","308,27K","-2,93%"
"15.07.2021","3,750","3,810","3,860","3,720","147,11K","-2,09%"
"14.07.2021","3,830","3,920","4,000","3,810","237,15K","-2,30%"
"13.07.2021","3,920","3,970","4,000","3,880","121,58K","-1,75%"
"12.07.2021","3,990","3,840","4,000","3,840","259,46K","3,91%"
"09.07.2021","3,840","3,800","3,860","3,770","117,77K","1,86%"
"08.07.2021","3,770","3,860","3,990","3,720","320,03K","-3,08%"
"07.07.2021","3,890","3,870","3,950","3,770","166,95K","0,52%"
"06.07.2021","3,870","4,050","4,050","3,750","362,25K","-3,97%"
"02.07.2021","4,030","4,110","4,150","3,920","210,10K","-1,71%"
"01.07.2021","4,100","4,140","4,220","3,960","259,49K","0,00%"
"30.06.2021","4,100","4,150","4,200","4,030","288,43K","-0,24%"
"29.06.2021","4,110","4,000","4,310","3,950","713,24K","2,75%"
"28.06.2021","4,000","3,870","4,000","3,770","310,56K","3,63%"
"25.06.2021","3,860","3,700","3,960","3,700","494,97K","1,58%"
"24.06.2021","3,800","3,710","3,880","3,710","209,46K","1,60%"
"23.06.2021","3,740","3,820","3,870","3,690","320,23K","0,27%"
"22.06.2021","3,730","3,690","3,770","3,640","162,34K","0,81%"
"21.06.2021","3,700","3,770","3,830","3,670","97,28K","-1,07%"
"18.06.2021","3,740","3,720","3,800","3,545","170,24K","-0,80%"
"17.06.2021","3,770","3,860","3,880","3,650","135,69K","-2,84%"
"16.06.2021","3,880","3,870","3,913","3,790","164,51K","0,00%"
"15.06.2021","3,880","3,940","3,970","3,810","175,01K","-1,27%"
"14.06.2021","3,930","3,830","3,960","3,810","268,21K","4,24%"
"11.06.2021","3,770","3,890","3,890","3,530","1,79M","-1,82%"
"10.06.2021","3,840","3,940","4,060","3,820","412,89K","-2,78%"
"09.06.2021","3,950","4,090","4,090","3,910","564,11K","-3,66%"
"08.06.2021","4,100","4,080","4,139","3,980","443,48K","1,23%"
"07.06.2021","4,050","4,090","4,090","3,950","776,18K","0,75%"
"04.06.2021","4,020","4,090","4,130","3,870","747,72K","-0,74%"
"03.06.2021","4,050","3,920","4,220","3,830","431,02K","3,05%"
"02.06.2021","3,930","3,900","4,130","3,850","549,35K","2,34%"
"01.06.2021","3,840","3,700","3,860","3,630","848,03K","7,26%"
"28.05.2021","3,580","3,580","3,740","3,510","666,90K","-0,28%"
"27.05.2021","3,590","3,280","3,590","3,270","397,64K","8,79%"
"26.05.2021","3,300","3,260","3,330","3,180","163,16K","0,00%"
"25.05.2021","3,300","3,290","3,349","3,190","218,36K","0,92%"
"24.05.2021","3,270","3,270","3,341","3,180","279,47K","2,83%"
"21.05.2021","3,180","3,320","3,362","3,160","351,70K","-4,22%"
"20.05.2021","3,320","3,040","3,330","3,000","682,28K","9,57%"
"19.05.2021","3,030","2,880","3,040","2,810","363,19K","4,48%"
"18.05.2021","2,900","2,820","2,940","2,785","1,14M","3,57%"
"17.05.2021","2,800","2,750","2,950","2,750","744,95K","0,36%"
"14.05.2021","2,790","2,740","2,837","2,739","491,25K","3,72%"
"13.05.2021","2,690","2,610","2,750","2,600","500,46K","1,13%"
"12.05.2021","2,660","2,700","2,800","2,620","452,41K","-1,85%"
"11.05.2021","2,710","2,660","2,720","2,610","187,35K","0,37%"
"10.05.2021","2,700","2,750","2,800","2,680","198,50K","-1,46%"
"07.05.2021","2,740","2,600","2,790","2,600","258,20K","3,79%"
"06.05.2021","2,640","2,650","2,670","2,596","147,76K","-0,38%"
"05.05.2021","2,650","2,600","2,680","2,600","146,81K","1,92%"
"04.05.2021","2,600","2,640","2,670","2,600","163,33K","-1,52%"
"03.05.2021","2,640","2,660","2,730","2,602","259,81K","-0,75%"
"30.04.2021","2,660","2,670","2,740","2,620","330,93K","-0,75%"
"29.04.2021","2,680","2,710","2,780","2,640","402,21K","-1,11%"
"28.04.2021","2,710","2,760","2,810","2,680","506,26K","0,74%"
"27.04.2021","2,690","2,720","2,810","2,650","521,55K","-0,74%"
"26.04.2021","2,710","2,715","2,742","2,650","244,89K","0,74%"
"23.04.2021","2,690","2,720","2,740","2,610","333,23K","-0,37%"
"22.04.2021","2,700","2,840","2,890","2,670","826,65K","-4,59%"
"21.04.2021","2,830","2,680","2,850","2,670","375,05K","4,43%"
"20.04.2021","2,710","2,670","2,720","2,590","275,87K","1,50%"
"19.04.2021","2,670","2,620","2,680","2,600","232,19K","2,69%"
"16.04.2021","2,600","2,710","2,710","2,600","226,65K","-2,26%"
"15.04.2021","2,660","2,720","2,725","2,650","79,97K","-0,37%"
"14.04.2021","2,670","2,680","2,755","2,660","340,45K","-1,84%"
"13.04.2021","2,720","2,800","2,818","2,700","270,69K","-2,51%"
"12.04.2021","2,790","2,790","2,820","2,700","334,20K","0,72%"
"09.04.2021","2,770","2,720","2,805","2,680","224,22K","1,47%"
"08.04.2021","2,730","2,650","2,750","2,638","295,09K","1,49%"
"07.04.2021","2,690","2,640","2,710","2,630","190,99K","0,75%"
"06.04.2021","2,670","2,640","2,720","2,630","144,25K","3,49%"
"05.04.2021","2,580","2,630","2,670","2,580","306,99K","-3,37%"
"01.04.2021","2,670","2,580","2,720","2,560","151,03K","4,30%"
"31.03.2021","2,560","2,610","2,610","2,520","151,91K","1,59%"
"30.03.2021","2,520","2,610","2,610","2,510","435,07K","-3,45%"
"29.03.2021","2,610","2,620","2,630","2,550","188,56K","-0,38%"
"26.03.2021","2,620","2,630","2,690","2,550","384,39K","-0,76%"
"25.03.2021","2,640","2,740","2,760","2,610","395,24K","-5,04%"
"24.03.2021","2,780","2,770","2,850","2,730","386,06K","0,00%"
"23.03.2021","2,780","2,880","2,920","2,760","319,61K","-5,44%"
"22.03.2021","2,940","2,840","2,940","2,799","430,85K","3,89%"
"19.03.2021","2,830","2,770","2,890","2,764","135,53K","1,80%"
"18.03.2021","2,780","2,760","2,950","2,720","681,14K","-0,36%"
"17.03.2021","2,790","2,830","3,010","2,770","1,77M","-1,06%"
"16.03.2021","2,820","2,750","2,870","2,670","657,94K","2,92%"
"15.03.2021","2,740","2,660","2,780","2,630","368,75K","3,79%"
"12.03.2021","2,640","2,720","2,734","2,630","355,47K","-2,94%"
"11.03.2021","2,720","2,660","2,750","2,660","544,94K","2,64%"
"10.03.2021","2,650","2,630","2,780","2,570","615,66K","0,38%"
"09.03.2021","2,640","2,610","2,699","2,600","334,99K","0,00%"
"08.03.2021","2,640","2,870","2,900","2,550","1,16M","-5,04%"
"05.03.2021","2,780","2,810","2,820","2,650","486,49K","2,96%"
"04.03.2021","2,700","2,710","2,850","2,615","777,02K","3,85%"
"03.03.2021","2,600","2,620","2,740","2,600","458,04K","-1,14%"
"02.03.2021","2,630","2,680","2,720","2,610","710,83K","-1,87%"
"01.03.2021","2,680","2,850","2,880","2,660","906,28K","-0,74%"
"26.02.2021","2,700","2,690","2,820","2,650","676,09K","-0,37%"
"25.02.2021","2,710","2,850","2,850","2,680","686,34K","-2,52%"
"24.02.2021","2,780","2,720","2,830","2,719","590,44K","2,96%"
"23.02.2021","2,700","2,760","2,800","2,670","1,22M","0,00%"
"22.02.2021","2,700","3,100","3,100","2,630","1,02M","-11,48%"
"19.02.2021","3,050","3,000","3,130","3,000","556,76K","1,33%"
"18.02.2021","3,010","3,100","3,200","2,970","904,15K","-1,95%"
"17.02.2021","3,070","3,070","3,150","3,010","1,11M","1,32%"
"16.02.2021","3,030","2,980","3,200","2,940","1,27M","8,21%"
"12.02.2021","2,800","2,840","2,900","2,790","1,60M","0,00%"
"11.02.2021","2,800","2,620","2,830","2,620","876,79K","5,66%"
"10.02.2021","2,650","2,600","2,690","2,540","330,12K","2,32%"
"09.02.2021","2,590","2,730","2,750","2,550","614,90K","-5,47%"
"08.02.2021","2,740","2,720","2,830","2,650","427,06K","2,24%"
"05.02.2021","2,680","2,700","2,780","2,640","514,26K","3,88%"
"04.02.2021","2,580","2,580","2,700","2,540","669,02K","2,38%"
"03.02.2021","2,520","2,540","2,600","2,500","674,33K","0,00%"
"02.02.2021","2,520","2,490","2,580","2,490","148,22K","1,20%"
"01.02.2021","2,490","2,530","2,570","2,460","221,08K","0,00%"
"29.01.2021","2,490","2,600","2,680","2,420","216,18K","-4,23%"
"28.01.2021","2,600","2,660","2,740","2,590","75,01K","-1,52%"
"27.01.2021","2,640","2,710","2,750","2,600","178,63K","-3,30%"
"26.01.2021","2,730","2,800","2,990","2,720","304,51K","-2,50%"
"25.01.2021","2,800","2,730","2,845","2,670","161,41K","3,70%"
"22.01.2021","2,700","2,710","2,760","2,660","43,34K","-0,37%"
"21.01.2021","2,710","2,800","2,850","2,680","83,94K","-4,24%"
"20.01.2021","2,830","2,850","2,900","2,800","94,58K","-0,35%"
"19.01.2021","2,840","2,740","2,850","2,714","183,73K","3,65%"
"15.01.2021","2,740","2,670","2,765","2,620","98,49K","2,62%"
"14.01.2021","2,670","2,780","2,780","2,640","417,25K","-3,61%"
"13.01.2021","2,770","2,780","2,800","2,650","99,82K","1,09%"
"12.01.2021","2,740","2,700","2,818","2,700","145,29K","-0,36%"
"11.01.2021","2,750","2,720","2,800","2,640","146,19K","1,17%"
"08.01.2021","2,718","2,880","2,900","2,700","119,30K","-3,61%"
"07.01.2021","2,820","2,910","2,940","2,730","136,42K","-0,70%"
"06.01.2021","2,840","2,780","2,930","2,726","262,73K","4,41%"
"05.01.2021","2,720","2,530","2,800","2,530","174,38K","7,94%"
"04.01.2021","2,520","2,590","2,590","2,455","102,21K","-1,56%"
"31.12.2020","2,560","2,550","2,600","2,510","48,21K","0,20%"
"30.12.2020","2,555","2,550","2,710","2,530","329,77K","-3,22%"
"29.12.2020","2,640","2,640","2,650","2,550","101,91K","1,93%"
"28.12.2020","2,590","2,600","2,690","2,550","274,12K","-0,38%"
"24.12.2020","2,600","2,670","2,720","2,600","134,55K","-5,45%"
"23.12.2020","2,750","2,710","2,870","2,710","105,32K","1,48%"
"22.12.2020","2,710","2,681","2,790","2,660","77,00K","-0,37%"
"21.12.2020","2,720","2,730","2,740","2,608","131,41K","-2,33%"
"18.12.2020","2,785","2,910","2,910","2,751","116,65K","-3,30%"
"17.12.2020","2,880","2,820","2,910","2,740","68,06K","3,97%"
"16.12.2020","2,770","2,750","2,806","2,705","177,76K","0,73%"
"15.12.2020","2,750","2,760","2,864","2,730","108,37K","1,85%"
"14.12.2020","2,700","2,910","2,930","2,700","126,87K","-4,59%"
"11.12.2020","2,830","2,850","2,890","2,760","138,30K","0,71%"
"10.12.2020","2,810","2,710","2,880","2,710","207,17K","3,31%"
"09.12.2020","2,720","2,730","2,840","2,700","103,49K","-0,37%"
"08.12.2020","2,730","2,790","2,890","2,680","95,52K","-3,19%"
"07.12.2020","2,820","2,950","2,990","2,780","224,39K","-2,76%"
"04.12.2020","2,900","2,890","2,990","2,810","290,54K","2,84%"
"03.12.2020","2,820","2,800","2,920","2,730","157,93K","0,36%"
"02.12.2020","2,810","2,650","2,900","2,520","201,61K","6,44%"
"01.12.2020","2,640","2,630","2,730","2,570","200,93K","-0,38%"
"30.11.2020","2,650","2,730","2,780","2,490","256,15K","-1,85%"
"27.11.2020","2,700","2,630","2,775","2,630","124,40K","3,05%"
"25.11.2020","2,620","2,680","2,770","2,590","207,93K","-0,76%"
"24.11.2020","2,640","2,580","2,700","2,580","649,03K","5,18%"
"23.11.2020","2,510","2,500","2,530","2,450","59,54K","2,87%"
"20.11.2020","2,440","2,550","2,630","2,390","310,07K","-4,13%"
"19.11.2020","2,545","2,390","2,550","2,373","96,81K","4,73%"
"18.11.2020","2,430","2,470","2,565","2,370","150,99K","-3,57%"
"17.11.2020","2,520","2,525","2,570","2,470","209,97K","2,44%"
"16.11.2020","2,460","2,440","2,515","2,427","217,69K","2,50%"
"13.11.2020","2,400","2,355","2,480","2,300","72,62K","2,56%"
"12.11.2020","2,340","2,550","2,550","2,300","143,79K","-6,02%"
"11.11.2020","2,490","2,610","2,650","2,440","341,06K","0,61%"
"10.11.2020","2,475","2,430","2,600","2,420","319,38K","1,02%"
"09.11.2020","2,450","2,360","2,600","2,360","520,41K","10,36%"
"06.11.2020","2,220","2,200","2,280","2,130","329,12K","3,26%"
"05.11.2020","2,150","2,190","2,260","2,110","137,68K","1,90%"
"04.11.2020","2,110","2,150","2,210","2,110","31,86K","-1,86%"
"03.11.2020","2,150","2,090","2,210","2,070","162,92K","3,86%"
"02.11.2020","2,070","2,000","2,125","1,990","109,69K","4,02%"
"30.10.2020","1,990","1,970","2,080","1,860","216,19K","-2,45%"
"29.10.2020","2,040","1,990","2,180","1,990","104,68K","1,49%"
"28.10.2020","2,010","2,040","2,090","1,900","248,70K","-0,99%"
"27.10.2020","2,030","2,100","2,130","2,030","52,12K","-3,79%"
"26.10.2020","2,110","2,220","2,220","2,110","137,73K","-4,09%"
"23.10.2020","2,200","2,225","2,270","2,180","45,65K","0,92%"
"22.10.2020","2,180","2,210","2,280","2,160","34,38K","-1,80%"
"21.10.2020","2,220","2,340","2,340","2,210","46,93K","-3,90%"
"20.10.2020","2,310","2,310","2,345","2,275","189,32K","3,12%"
"19.10.2020","2,240","2,220","2,350","2,220","139,56K","-0,44%"
"16.10.2020","2,250","2,340","2,400","2,240","167,95K","-4,66%"
"15.10.2020","2,360","2,430","2,440","2,220","238,86K","-4,45%"
"14.10.2020","2,470","2,440","2,550","2,440","149,89K","0,82%"
"13.10.2020","2,450","2,400","2,560","2,400","940,38K","2,51%"
"12.10.2020","2,390","2,380","2,430","2,350","74,36K","-1,65%"
"09.10.2020","2,430","2,460","2,460","2,370","453,47K","-0,61%"
"08.10.2020","2,445","2,410","2,520","2,400","168,84K","0,62%"
"07.10.2020","2,430","2,410","2,570","2,380","64,33K","-0,82%"
"06.10.2020","2,450","2,470","2,540","2,415","48,19K","-0,41%"
"05.10.2020","2,460","2,590","2,610","2,460","174,79K","1,23%"
"02.10.2020","2,430","2,360","2,540","2,250","320,58K","5,65%"
"01.10.2020","2,300","2,360","2,370","2,250","101,97K","2,22%"
"30.09.2020","2,250","2,290","2,420","2,244","122,01K","-3,43%"
"29.09.2020","2,330","2,240","2,350","2,210","89,80K","-1,27%"
"28.09.2020","2,360","2,200","2,400","2,175","157,52K","7,76%"
"25.09.2020","2,190","2,190","2,240","2,140","53,57K","-0,90%"
"24.09.2020","2,210","2,030","2,250","2,030","213,28K","5,74%"
"23.09.2020","2,090","2,050","2,120","2,040","101,76K","0,48%"
"22.09.2020","2,080","2,200","2,260","2,080","51,08K","-4,15%"
"21.09.2020","2,170","2,300","2,300","2,130","64,27K","-7,66%"
"18.09.2020","2,350","2,210","2,390","2,210","96,86K","3,98%"
"17.09.2020","2,260","2,320","2,410","2,260","55,49K","-6,22%"
"16.09.2020","2,410","2,410","2,445","2,250","166,51K","-2,03%"
"15.09.2020","2,460","2,350","2,520","2,310","133,90K","5,58%"
"14.09.2020","2,330","2,410","2,430","2,320","143,88K","-4,90%"
"11.09.2020","2,450","2,530","2,600","2,440","225,43K","0,00%"
"10.09.2020","2,450","2,260","2,580","2,260","374,91K","8,41%"
"09.09.2020","2,260","2,350","2,450","2,250","265,05K","-3,62%"
"08.09.2020","2,345","2,560","2,590","2,320","480,26K","-6,94%"
"04.09.2020","2,520","2,750","2,750","2,500","591,54K","-5,26%"
"03.09.2020","2,660","2,820","2,861","2,650","429,49K","-6,01%"
"02.09.2020","2,830","2,900","2,980","2,830","103,01K","-3,08%"
"01.09.2020","2,920","2,900","2,969","2,890","40,69K","1,74%"
"31.08.2020","2,870","3,040","3,040","2,870","551,16K","-4,01%"
"28.08.2020","2,990","2,930","3,080","2,890","183,82K","2,40%"
"27.08.2020","2,920","2,990","2,990","2,860","31,93K","0,34%"
"26.08.2020","2,910","2,990","2,990","2,890","159,12K","-2,68%"
"25.08.2020","2,990","2,920","2,990","2,810","146,92K","2,75%"
"24.08.2020","2,910","3,020","3,130","2,810","284,07K","-3,00%"
"21.08.2020","3,000","3,010","3,100","2,960","68,44K","-0,66%"
"20.08.2020","3,020","2,960","3,100","2,960","161,23K","-0,98%"
"19.08.2020","3,050","3,000","3,150","2,990","134,79K","-0,65%"
"18.08.2020","3,070","3,070","3,150","3,070","199,06K","-0,97%"
"17.08.2020","3,100","3,080","3,195","2,950","183,12K","0,32%"
"14.08.2020","3,090","3,070","3,190","3,050","135,02K","-1,59%"
"13.08.2020","3,140","3,020","3,240","3,020","646,93K","3,97%"
"12.08.2020","3,020","3,200","3,200","3,000","397,33K","-7,08%"
"11.08.2020","3,250","3,460","3,565","3,200","431,30K","-5,52%"
"10.08.2020","3,440","3,460","3,600","3,380","278,48K","-1,43%"
"07.08.2020","3,490","3,460","3,620","3,375","251,86K","-0,29%"
"06.08.2020","3,500","3,450","3,625","3,350","746,08K","0,29%"
"05.08.2020","3,490","3,600","3,872","3,400","917,10K","-2,51%"
"04.08.2020","3,580","3,890","3,960","3,540","1,01M","-1,38%"
"03.08.2020","3,630","3,500","3,790","3,400","457,59K","3,13%"
"31.07.2020","3,520","3,550","3,670","3,405","89,97K","-0,28%"
"30.07.2020","3,530","3,690","3,690","3,455","408,83K","-2,49%"
"29.07.2020","3,620","3,800","3,820","3,530","386,06K","-2,16%"
"28.07.2020","3,700","3,660","3,900","3,500","141,59K","0,00%"
"27.07.2020","3,700","3,650","3,791","3,650","84,88K","2,21%"
"24.07.2020","3,620","3,740","3,800","3,580","81,61K","-2,16%"
"23.07.2020","3,700","3,540","3,850","3,540","394,32K","2,49%"
"22.07.2020","3,610","3,490","3,750","3,400","246,19K","4,64%"
"21.07.2020","3,450","3,410","3,674","3,380","316,85K","2,68%"
"20.07.2020","3,360","3,200","3,500","3,170","281,56K","5,99%"
"17.07.2020","3,170","3,360","3,450","3,140","212,00K","-6,76%"
"16.07.2020","3,400","3,220","3,435","3,120","94,03K","7,94%"
"15.07.2020","3,150","3,160","3,364","3,150","152,22K","-0,47%"
"14.07.2020","3,165","3,040","3,250","3,023","76,78K","1,12%"
"13.07.2020","3,130","3,250","3,455","3,070","392,89K","-2,49%"
"10.07.2020","3,210","3,050","3,370","3,040","229,61K","2,23%"
"09.07.2020","3,140","3,210","3,268","3,080","36,42K","-2,18%"
"08.07.2020","3,210","3,130","3,330","3,070","104,88K","0,31%"
"07.07.2020","3,200","3,140","3,310","3,100","133,51K","-1,54%"
"06.07.2020","3,250","3,340","3,370","3,096","525,11K","3,83%"
"02.07.2020","3,130","3,050","3,230","3,050","22,83K","0,97%"
"01.07.2020","3,100","3,030","3,170","3,010","54,82K","1,64%"
"30.06.2020","3,050","3,030","3,050","2,700","205,10K","0,66%"
"29.06.2020","3,030","3,070","3,170","2,950","129,08K","-0,98%"
"26.06.2020","3,060","3,240","3,240","3,030","91,72K","-8,38%"
"25.06.2020","3,340","3,300","3,500","3,060","85,24K","0,91%"
"24.06.2020","3,310","3,240","3,310","3,100","40,48K","-2,36%"
"23.06.2020","3,390","3,520","3,560","3,320","100,16K","-4,51%"
"22.06.2020","3,550","3,240","3,550","3,240","34,18K","2,31%"
"19.06.2020","3,470","3,500","3,590","3,380","38,18K","2,97%"
"18.06.2020","3,370","3,310","3,390","3,310","37,04K","-0,30%"
"17.06.2020","3,380","3,560","3,560","3,300","53,54K","-5,85%"
"16.06.2020","3,590","3,240","3,590","3,240","66,97K","3,76%"
"15.06.2020","3,460","3,280","3,540","3,280","52,34K","0,00%"
"12.06.2020","3,460","3,410","3,590","3,280","136,33K","11,61%"
"11.06.2020","3,100","3,750","3,770","3,050","204,34K","-17,99%"
"10.06.2020","3,780","3,900","3,930","3,610","97,36K","0,27%"
"09.06.2020","3,770","3,810","3,810","3,570","69,65K","-0,79%"
"08.06.2020","3,800","3,880","3,880","3,650","277,03K","5,26%"
"05.06.2020","3,610","3,630","3,720","3,420","273,98K","4,03%"
"04.06.2020","3,470","3,410","3,560","3,390","114,51K","0,29%"
"03.06.2020","3,460","3,230","3,530","3,200","650,61K","8,12%"
"02.06.2020","3,200","3,050","3,200","3,050","87,21K","7,02%"
"01.06.2020","2,990","2,910","3,060","2,910","40,72K","1,70%"
"29.05.2020","2,940","2,960","3,120","2,900","106,00K","0,00%"
"28.05.2020","2,940","3,050","3,050","2,900","102,43K","-4,85%"
"27.05.2020","3,090","3,140","3,140","3,030","84,61K","-2,83%"
"26.05.2020","3,180","3,310","3,400","3,140","181,39K","-3,05%"
"22.05.2020","3,280","3,330","3,490","3,210","80,95K","-2,09%"
"21.05.2020","3,350","3,280","3,480","3,270","187,88K","-0,89%"
"20.05.2020","3,380","3,480","3,480","3,330","57,86K","-0,29%"
"19.05.2020","3,390","3,460","3,520","3,330","77,66K","-0,59%"
"18.05.2020","3,410","3,500","3,500","3,320","119,37K","3,33%"
"15.05.2020","3,300","3,250","3,300","3,230","32,35K","1,54%"
"14.05.2020","3,250","2,850","3,260","2,850","109,98K","7,26%"
"13.05.2020","3,030","3,180","3,180","2,930","67,12K","-7,06%"
"12.05.2020","3,260","3,600","3,600","3,210","157,45K","-4,96%"
"11.05.2020","3,430","3,500","3,520","3,340","143,90K","1,18%"
"08.05.2020","3,390","3,100","3,460","2,997","112,88K","13,76%"
"07.05.2020","2,980","2,760","3,090","2,710","275,89K","16,86%"
"06.05.2020","2,550","2,710","2,750","2,520","36,79K","-2,67%"
"05.05.2020","2,620","2,920","3,000","2,540","153,58K","-7,75%"
"04.05.2020","2,840","2,830","2,860","2,660","37,89K","0,71%"
"01.05.2020","2,820","3,030","3,060","2,610","68,42K","-1,40%"
"30.04.2020","2,860","3,100","3,170","2,520","138,08K","0,00%"
"29.04.2020","2,860","2,310","3,000","2,161","315,20K","30,00%"
"28.04.2020","2,200","2,080","2,270","2,010","170,95K","8,37%"
"27.04.2020","2,030","2,150","2,150","1,990","42,32K","-3,33%"
"24.04.2020","2,100","2,060","2,120","1,960","118,82K","-0,94%"
"23.04.2020","2,120","2,250","2,250","2,030","48,50K","-1,40%"
"22.04.2020","2,150","2,210","2,230","2,150","35,77K","1,90%"
"21.04.2020","2,110","2,080","2,200","2,000","52,79K","1,44%"
"20.04.2020","2,080","2,260","2,260","2,060","59,07K","-8,77%"
"17.04.2020","2,280","2,216","2,330","2,216","28,97K","3,64%"
"16.04.2020","2,200","2,380","2,380","2,150","93,58K","-7,56%"
"15.04.2020","2,380","2,400","2,400","2,300","40,89K","-0,83%"
"14.04.2020","2,400","2,530","2,580","2,300","99,51K","-5,51%"
"13.04.2020","2,540","2,720","2,830","2,400","91,56K","-2,31%"
"09.04.2020","2,600","2,570","2,870","2,400","118,87K","3,58%"
"08.04.2020","2,510","2,400","2,570","2,360","36,79K","5,03%"
"07.04.2020","2,390","2,400","2,630","2,220","165,00K","0,00%"
"06.04.2020","2,390","2,300","2,400","2,180","108,75K","7,66%"
"03.04.2020","2,220","2,100","2,280","1,970","302,62K","9,90%"
"02.04.2020","2,020","2,000","2,110","1,810","535,21K","6,32%"
"01.04.2020","1,900","1,960","2,000","1,800","243,26K","-5,00%"
"31.03.2020","2,000","1,990","2,310","1,940","185,25K","0,50%"
"30.03.2020","1,990","2,090","2,190","1,930","162,74K","-9,55%"
"27.03.2020","2,200","2,350","2,350","2,110","167,56K","-8,71%"
"26.03.2020","2,410","2,330","2,510","2,330","76,66K","2,12%"
"25.03.2020","2,360","2,330","2,440","2,280","100,15K","2,16%"
"24.03.2020","2,310","2,320","2,330","2,080","89,74K","7,44%"
"23.03.2020","2,150","2,140","2,170","2,000","90,57K","-7,33%"
"20.03.2020","2,320","2,570","2,630","2,300","53,74K","0,00%"
"19.03.2020","2,320","2,350","2,430","2,310","52,28K","-2,11%"
"18.03.2020","2,370","2,500","2,520","2,060","101,05K","-10,57%"
"17.03.2020","2,650","2,750","3,050","2,550","130,02K","-0,75%"
"16.03.2020","2,670","2,960","3,140","2,600","114,94K","-22,61%"
"13.03.2020","3,450","3,300","3,510","3,140","79,98K","7,81%"
"12.03.2020","3,200","3,650","3,650","2,310","338,96K","-21,95%"
"11.03.2020","4,100","4,610","4,670","4,000","39,98K","-12,39%"
"10.03.2020","4,680","4,410","4,700","4,340","52,94K","13,87%"
"09.03.2020","4,110","5,000","5,070","4,050","190,42K","-32,07%"
"06.03.2020","6,050","6,260","6,260","5,900","68,53K","-1,63%"
"05.03.2020","6,150","6,190","6,290","5,990","60,63K","-2,84%"
"04.03.2020","6,330","6,600","6,600","5,950","83,26K","-2,62%"
"03.03.2020","6,500","6,150","6,960","5,950","158,78K","8,51%"
"02.03.2020","5,990","6,200","6,390","5,990","63,97K","-3,85%"
"28.02.2020","6,230","6,160","6,230","5,930","61,92K","1,14%"
"27.02.2020","6,160","6,200","6,390","5,930","207,46K","-6,38%"
"26.02.2020","6,580","6,720","6,950","6,550","44,15K","-2,23%"
"25.02.2020","6,730","7,050","7,200","6,720","59,66K","-4,54%"
"24.02.2020","7,050","7,360","7,430","6,800","40,77K","-6,13%"
"21.02.2020","7,510","7,680","7,680","7,380","12,32K","-2,21%"
"20.02.2020","7,680","7,720","7,720","7,530","69,07K","-0,78%"
"19.02.2020","7,740","7,500","7,930","7,430","128,95K","4,03%"
"18.02.2020","7,440","7,230","7,560","7,200","47,27K","-2,11%"
"14.02.2020","7,600","7,470","7,600","7,400","13,74K","1,74%"
"13.02.2020","7,470","7,600","7,600","7,250","43,79K","-1,06%"
"12.02.2020","7,550","7,220","7,600","7,220","24,05K","4,14%"
"11.02.2020","7,250","7,400","7,400","7,010","143,02K","-2,16%"
"10.02.2020","7,410","7,330","7,470","7,210","55,74K","0,14%"
"07.02.2020","7,400","7,130","7,460","7,090","54,79K","2,64%"
"06.02.2020","7,210","6,810","7,210","6,430","90,78K","6,81%"
"05.02.2020","6,750","6,780","7,000","6,640","111,04K","2,27%"
"04.02.2020","6,600","6,930","7,130","6,430","192,83K","-4,76%"
"03.02.2020","6,930","7,080","7,130","6,830","27,82K","-2,53%"
"31.01.2020","7,110","7,150","7,150","6,910","143,31K","-1,39%"
"30.01.2020","7,210","7,450","7,490","7,150","300,55K","-3,35%"
"29.01.2020","7,460","7,430","7,480","7,400","14,67K","1,22%"
"28.01.2020","7,370","7,520","7,540","7,370","21,57K","-0,41%"
"27.01.2020","7,400","7,760","7,760","7,350","45,54K","-5,13%"
"24.01.2020","7,800","8,010","8,010","7,520","71,71K","-3,58%"
"23.01.2020","8,090","8,120","8,120","7,910","113,64K","-0,37%"
"22.01.2020","8,120","7,930","8,150","7,800","247,99K","2,78%"
"21.01.2020","7,900","7,570","8,000","7,570","285,80K","5,33%"
"17.01.2020","7,500","7,370","7,720","7,230","158,59K","3,02%"
"16.01.2020","7,280","6,600","7,380","6,600","57,77K","9,31%"
"15.01.2020","6,660","6,930","6,930","6,650","61,62K","-3,62%"
"14.01.2020","6,910","7,300","7,300","6,820","103,08K","-5,21%"
"13.01.2020","7,290","7,820","7,820","7,250","100,19K","-7,13%"
"10.01.2020","7,850","7,850","7,850","7,520","66,32K","0,64%"
"09.01.2020","7,800","7,880","7,910","7,620","89,19K","-1,64%"
"08.01.2020","7,930","7,910","8,050","7,700","72,33K","-0,88%"
"07.01.2020","8,000","8,070","8,190","7,780","149,54K","-0,99%"
"06.01.2020","8,080","8,220","8,340","8,050","43,59K","-1,46%"
"03.01.2020","8,200","8,120","8,320","8,120","83,86K","1,86%"
"02.01.2020","8,050","7,940","8,150","7,840","87,51K","2,55%"